artifact/artifact-migration.mjs	66	E	reexport	export { structuralUnitsRaw as structuralUnits };	1
artifact/artifact-migration.mjs	87	I	fn	loadStructuralParser	7
artifact/artifact-migration.mjs	98	I	value	COMPLETENESS_DISPOSITIONS	11
artifact/artifact-migration.mjs	115	I	value	PRESERVED_DISPOSITIONS	6
artifact/artifact-migration.mjs	124	I	value	EXTERNAL_ELEMENT	1
artifact/artifact-migration.mjs	126	E	value	ARTIFACT_CONTRACT_VERSION	1
artifact/artifact-migration.mjs	127	E	value	ARTIFACT_FORMAT_VERSION	1
artifact/artifact-migration.mjs	128	E	value	ARTIFACT_FORMAT_SUPPORTED	1
artifact/artifact-migration.mjs	129	E	value	ARTIFACT_FORMAT_ACTIVE_FOR_NEW_MIGRATIONS	1
artifact/artifact-migration.mjs	130	E	value	ARTIFACT_WORKFLOW_VERSION	1
artifact/artifact-migration.mjs	131	E	value	ARTIFACT_RESOLUTIONS	5
artifact/artifact-migration.mjs	145	E	value	ARTIFACT_FORMAT_UPGRADE_FLOOR	1
artifact/artifact-migration.mjs	146	E	value	ARTIFACT_FORMAT_UPGRADERS	11
artifact/artifact-migration.mjs	162	E	fn	artifactFormatUpgrade	30
artifact/artifact-migration.mjs	200	I	fn	artifactFormatAdmissible	20
artifact/artifact-migration.mjs	223	I	value	CODE_FILE_EXTENSIONS	1
artifact/artifact-migration.mjs	224	I	value	JS_FILE_EXTENSIONS	1
artifact/artifact-migration.mjs	225	I	value	execFileAsync	1
artifact/artifact-migration.mjs	226	I	fn	hasExecutableCodeFiles	2
artifact/artifact-migration.mjs	229	I	fn	commandFile	5
artifact/artifact-migration.mjs	240	I	value	TARGET_COMPILER_SPECIFIERS	4
artifact/artifact-migration.mjs	247	I	fn	resolveCompilerBinary	19
artifact/artifact-migration.mjs	267	I	fn	targetTypeScript	29
artifact/artifact-migration.mjs	297	E	reexport	export { targetTypeScript };	1
artifact/artifact-migration.mjs	303	I	fn	engineFault	4
artifact/artifact-migration.mjs	312	I	value	metrics	7
artifact/artifact-migration.mjs	320	I	fn	startMetrics	8
artifact/artifact-migration.mjs	329	E	fn	artifactMetrics	10
artifact/artifact-migration.mjs	340	I	fn	asEngineFault	7
artifact/artifact-migration.mjs	348	I	fn	structuralParser	4
artifact/artifact-migration.mjs	355	I	value	STRUCTURAL_SCRIPT_EXTENSIONS	10
artifact/artifact-migration.mjs	369	I	fn	targetProject	19
artifact/artifact-migration.mjs	394	I	fn	moduleSpecifiersIn	36
artifact/artifact-migration.mjs	438	I	fn	targetCodeFiles	24
artifact/artifact-migration.mjs	473	E	fn	legacyDependencies	113
artifact/artifact-migration.mjs	591	I	value	TEST_UNDER_SRC	1
artifact/artifact-migration.mjs	592	I	value	FEATURE_FILE	1
artifact/artifact-migration.mjs	593	I	value	FEATURE_INDEX	1
artifact/artifact-migration.mjs	594	I	value	QUERY_KEYS_FILE	1
artifact/artifact-migration.mjs	595	I	value	UI_TEXT_PROPS	1
artifact/artifact-migration.mjs	600	I	fn	hardcodedUiText	31
artifact/artifact-migration.mjs	632	E	fn	architectureFindings	91
artifact/artifact-migration.mjs	731	I	value	EXECUTION_CAPABILITY	1
artifact/artifact-migration.mjs	732	I	value	READ_ONLY_CAPABILITY	1
artifact/artifact-migration.mjs	734	I	fn	assertMayExecute	7
artifact/artifact-migration.mjs	742	I	fn	execute	27
artifact/artifact-migration.mjs	770	I	fn	pathKey	1
artifact/artifact-migration.mjs	772	I	fn	executeTypeScriptValidation	47
artifact/artifact-migration.mjs	820	I	fn	executeNodeCheckValidation	16
artifact/artifact-migration.mjs	837	I	fn	executeValidator	4
artifact/artifact-migration.mjs	842	I	fn	hasCodeValidationCheck	18
artifact/artifact-migration.mjs	860	E	reexport	export { hasExecutableCodeFiles, hasCodeValidationCheck };	1
artifact/artifact-migration.mjs	865	I	fn	targetManifest	7
artifact/artifact-migration.mjs	873	I	value	MANIFEST_DEPENDENCY_FIELDS	6
artifact/artifact-migration.mjs	886	I	fn	assertTargetProvides	17
artifact/artifact-migration.mjs	907	I	value	PACKAGE_MANAGERS	1
artifact/artifact-migration.mjs	908	I	value	SCRIPT_NAME	1
artifact/artifact-migration.mjs	910	I	fn	packageScriptOf	10
artifact/artifact-migration.mjs	921	I	fn	executeGenericCheck	20
artifact/artifact-migration.mjs	942	I	value	STATE_ROOT	1
artifact/artifact-migration.mjs	943	I	value	STATE_FILE	1
artifact/artifact-migration.mjs	944	I	value	INTEGRITY_FILE	1
artifact/artifact-migration.mjs	945	I	value	HISTORY_FILE	1
artifact/artifact-migration.mjs	946	I	value	TRANSACTION_FILE	1
artifact/artifact-migration.mjs	952	I	value	TRANSACTION_VERSION	1
artifact/artifact-migration.mjs	953	I	value	PROVIDER_PATHS	17
artifact/artifact-migration.mjs	970	I	value	KNOWN_STATE_KEYS	25
artifact/artifact-migration.mjs	1001	I	value	OPTIONAL_STATE_KEYS	6
artifact/artifact-migration.mjs	1007	I	value	RESOLUTION_KIND	5
artifact/artifact-migration.mjs	1013	I	fn	portable	1
artifact/artifact-migration.mjs	1014	I	fn	sha256	1
artifact/artifact-migration.mjs	1015	I	fn	fileHash	1
artifact/artifact-migration.mjs	1016	I	fn	secureHash	6
artifact/artifact-migration.mjs	1022	I	fn	canonical	12
artifact/artifact-migration.mjs	1034	I	fn	jsonBytes	1
artifact/artifact-migration.mjs	1035	I	fn	samePath	7
artifact/artifact-migration.mjs	1042	E	fn	artifactArgumentsFor	24
artifact/artifact-migration.mjs	1067	E	fn	artifactCommandFor	4
artifact/artifact-migration.mjs	1071	I	fn	isWithin	7
artifact/artifact-migration.mjs	1078	I	fn	exists	8
artifact/artifact-migration.mjs	1087	I	fn	plainObject	6
artifact/artifact-migration.mjs	1094	I	fn	exactObject	13
artifact/artifact-migration.mjs	1108	I	fn	arrayOf	4
artifact/artifact-migration.mjs	1112	I	fn	nonEmpty	6
artifact/artifact-migration.mjs	1118	I	fn	boolean	4
artifact/artifact-migration.mjs	1122	I	fn	versionOne	3
artifact/artifact-migration.mjs	1125	I	fn	unique	8
artifact/artifact-migration.mjs	1133	I	fn	sameMembers	7
artifact/artifact-migration.mjs	1141	I	fn	normalizeRelative	11
artifact/artifact-migration.mjs	1153	I	fn	bindingInput	9
artifact/artifact-migration.mjs	1163	I	fn	sourcePathForId	8
artifact/artifact-migration.mjs	1172	E	fn	artifactIdFor	16
artifact/artifact-migration.mjs	1189	E	fn	artifactRoot	6
artifact/artifact-migration.mjs	1200	E	fn	artifactDecisionBoundTo	7
artifact/artifact-migration.mjs	1208	E	fn	artifactDecisionCandidate	9
artifact/artifact-migration.mjs	1218	I	fn	artifactCandidateEvidence	14
artifact/artifact-migration.mjs	1233	I	fn	assertDirectory	9
artifact/artifact-migration.mjs	1243	I	fn	isExcluded	6
artifact/artifact-migration.mjs	1250	I	fn	scopedManifest	36
artifact/artifact-migration.mjs	1287	I	fn	captureBinding	16
artifact/artifact-migration.mjs	1304	I	fn	sourcePathAtRoot	6
artifact/artifact-migration.mjs	1311	I	fn	targetPathsFor	2
artifact/artifact-migration.mjs	1314	E	fn	resolveArtifact	54
artifact/artifact-migration.mjs	1369	I	fn	validateBinding	18
artifact/artifact-migration.mjs	1388	I	fn	validateState	65
artifact/artifact-migration.mjs	1454	I	fn	semanticEvidence	4
artifact/artifact-migration.mjs	1459	E	fn	artifactEvidenceDigest	2
artifact/artifact-migration.mjs	1462	I	fn	immutableProjection	27
artifact/artifact-migration.mjs	1490	I	fn	pinDigest	15
artifact/artifact-migration.mjs	1506	I	value	HISTORY_EVENT_KEYS	1
artifact/artifact-migration.mjs	1517	I	fn	historyEventExtraKeys	10
artifact/artifact-migration.mjs	1528	I	fn	readHistory	25
artifact/artifact-migration.mjs	1564	I	fn	replayToolkitIdentity	33
artifact/artifact-migration.mjs	1598	I	fn	integrityFor	8
artifact/artifact-migration.mjs	1607	I	fn	ledgerPrefixesFor	9
artifact/artifact-migration.mjs	1618	I	fn	projectArtifactDecision	3
artifact/artifact-migration.mjs	1622	I	fn	consumedFrom	9
artifact/artifact-migration.mjs	1632	I	fn	verifyConsumedHistory	89
artifact/artifact-migration.mjs	1722	I	fn	revalidatePins	5
artifact/artifact-migration.mjs	1728	I	fn	validateIntegrity	14
artifact/artifact-migration.mjs	1748	I	fn	historyPrefixContent	5
artifact/artifact-migration.mjs	1754	E	fn	readArtifactState	17
artifact/artifact-migration.mjs	1772	I	fn	eventFor	21
artifact/artifact-migration.mjs	1794	I	fn	consumedAtCheckpoint	7
artifact/artifact-migration.mjs	1806	I	fn	initialArtifactState	32
artifact/artifact-migration.mjs	1839	I	fn	bootstrapEventInput	7
artifact/artifact-migration.mjs	1847	I	value	EMPTY_HISTORY	1
artifact/artifact-migration.mjs	1849	I	fn	pristineFormatUpgrade	51
artifact/artifact-migration.mjs	1905	I	fn	validateTransactionInput	58
artifact/artifact-migration.mjs	1972	I	fn	assertTransactionReplayable	50
artifact/artifact-migration.mjs	2023	I	fn	jsonBytesEqual	1
artifact/artifact-migration.mjs	2032	I	fn	assertKnownRecoveryPhase	41
artifact/artifact-migration.mjs	2078	I	fn	proveBootstrapTransaction	39
artifact/artifact-migration.mjs	2118	I	fn	proveFormatUpgradeTransaction	23
artifact/artifact-migration.mjs	2147	I	fn	proveAdvanceTransaction	60
artifact/artifact-migration.mjs	2216	I	fn	reconstructLegacyTransaction	54
artifact/artifact-migration.mjs	2280	I	fn	proveToolkitIdentityTransaction	35
artifact/artifact-migration.mjs	2316	I	fn	finishTransaction	22
artifact/artifact-migration.mjs	2345	I	fn	writeTransaction	4
artifact/artifact-migration.mjs	2355	I	fn	assertTransactionBoundToRecord	12
artifact/artifact-migration.mjs	2368	I	fn	recoverTransaction	25
artifact/artifact-migration.mjs	2397	I	fn	buildAdvanceTransaction	28
artifact/artifact-migration.mjs	2426	I	fn	stateFileExists	1
artifact/artifact-migration.mjs	2428	E	fn	previewArtifact	46
artifact/artifact-migration.mjs	2475	I	fn	createArtifactRecord	30
artifact/artifact-migration.mjs	2506	E	fn	bootstrapArtifact	8
artifact/artifact-migration.mjs	2515	E	fn	previewArtifactFormatUpgrade	25
artifact/artifact-migration.mjs	2541	E	fn	upgradeArtifactFormat	28
artifact/artifact-migration.mjs	2570	I	fn	readJsonAt	10
artifact/artifact-migration.mjs	2581	I	fn	validateEvidenceFile	11
artifact/artifact-migration.mjs	2593	I	fn	validateSourceEvidenceFile	13
artifact/artifact-migration.mjs	2607	I	fn	validateSourceInventory	130
artifact/artifact-migration.mjs	2742	I	fn	dispositionValidator	33
artifact/artifact-migration.mjs	2778	I	fn	packageNameOf	4
artifact/artifact-migration.mjs	2789	I	fn	validateExternalRequirements	24
artifact/artifact-migration.mjs	2818	I	value	SCANNER_REQUIREMENT_KEYS	7
artifact/artifact-migration.mjs	2835	I	fn	sourceRequirements	24
artifact/artifact-migration.mjs	2860	I	fn	validateCompleteness	105
artifact/artifact-migration.mjs	2966	I	fn	validateTargetInventory	118
artifact/artifact-migration.mjs	3086	I	fn	strictVisualState	9
artifact/artifact-migration.mjs	3097	I	fn	artifactVisualAuthority	2
artifact/artifact-migration.mjs	3105	I	fn	artifactUiInventory	9
artifact/artifact-migration.mjs	3115	I	fn	artifactVisualAcceptance	17
artifact/artifact-migration.mjs	3133	I	fn	artifactVisualDecisions	77
artifact/artifact-migration.mjs	3211	I	fn	validateBaseline	138
artifact/artifact-migration.mjs	3350	I	fn	validatePlan	28
artifact/artifact-migration.mjs	3379	I	fn	validateImplementation	93
artifact/artifact-migration.mjs	3473	I	fn	validateBoundTo	24
artifact/artifact-migration.mjs	3498	I	fn	validateArtifactVisualEvidence	82
artifact/artifact-migration.mjs	3581	I	fn	validateVerification	112
artifact/artifact-migration.mjs	3698	I	fn	validateGateEvidence	14
artifact/artifact-migration.mjs	3713	I	fn	ponytailTime	7
artifact/artifact-migration.mjs	3721	I	fn	validatePonytailEvidence	10
artifact/artifact-migration.mjs	3733	I	fn	migrationChangedFiles	10
artifact/artifact-migration.mjs	3744	I	fn	validateFinal	147
artifact/artifact-migration.mjs	3892	E	fn	checkpointArtifacts	25
artifact/artifact-migration.mjs	3923	I	fn	validateCheckpoint	7
artifact/artifact-migration.mjs	3931	E	fn	reconcileArtifactDecisions	69
artifact/artifact-migration.mjs	4001	I	fn	runCheckpointValidation	96
artifact/artifact-migration.mjs	4098	I	fn	diffEntries	7
artifact/artifact-migration.mjs	4106	I	fn	implementationCoversDrift	9
artifact/artifact-migration.mjs	4116	I	fn	freshness	16
artifact/artifact-migration.mjs	4133	E	fn	progressState	22
artifact/artifact-migration.mjs	4156	I	fn	requestFor	7
artifact/artifact-migration.mjs	4164	I	fn	outcomeResult	20
artifact/artifact-migration.mjs	4185	I	fn	blockedArtifactResult	7
artifact/artifact-migration.mjs	4193	I	fn	locate	5
artifact/artifact-migration.mjs	4199	I	fn	assertInvocationMatches	39
artifact/artifact-migration.mjs	4242	E	fn	getArtifactStatus	5
artifact/artifact-migration.mjs	4248	I	fn	readArtifactStatus	125
artifact/artifact-migration.mjs	4374	I	fn	pinsFor	25
artifact/artifact-migration.mjs	4400	I	fn	pathsAfterCheckpoint	14
artifact/artifact-migration.mjs	4415	I	fn	nextState	55
artifact/artifact-migration.mjs	4471	I	fn	previewAdvance	68
artifact/artifact-migration.mjs	4540	I	fn	runArtifactIteration	126
artifact/artifact-migration.mjs	4673	I	value	CHECKPOINT_DECISION_PASSES	1
artifact/artifact-migration.mjs	4675	E	fn	runArtifact	31
artifact/artifact-migration.mjs	4712	I	fn	artifactIdentityCommand	7
artifact/artifact-migration.mjs	4720	E	fn	assertArtifactToolkitIdentity	8
artifact/artifact-migration.mjs	4738	E	fn	changeArtifactToolkitIdentity	59
artifact/artifact-migration.mjs	4798	E	fn	artifactOperatorDecisions	30
artifact/artifact-migration.mjs	4829	E	fn	validateArtifactComplete	19
artifact/run-artifact.mjs	29	E	fn	parseArtifactArguments	55
artifact/run-artifact.mjs	93	E	fn	artifactDirective	13
artifact/run-artifact.mjs	107	I	fn	render	25
artifact/run-artifact.mjs	133	E	fn	runArtifactCli	46
artifact/run-artifact.mjs	180	I	module-init	<module-init>	6
cli/advance-migration.mjs	27	E	fn	parseAdvanceArguments	28
cli/advance-migration.mjs	56	I	fn	directive	4
cli/advance-migration.mjs	65	E	fn	runAdvanceCli	96
cli/advance-migration.mjs	162	I	module-init	<module-init>	9
cli/discover-module.mjs	36	E	fn	normalizePonytailArgument	11
cli/discover-module.mjs	49	I	fn	sliceList	11
cli/discover-module.mjs	61	E	fn	parseDiscoverArguments	81
cli/discover-module.mjs	143	E	fn	renderExecutionPreview	20
cli/discover-module.mjs	164	I	fn	renderSliceAmendment	12
cli/discover-module.mjs	177	I	fn	directive	8
cli/discover-module.mjs	197	E	fn	runDiscoverCli	183
cli/discover-module.mjs	381	I	module-init	<module-init>	6
cli/run-migration.mjs	55	E	fn	parseRunArguments	46
cli/run-migration.mjs	108	I	fn	discoverArguments	2
cli/run-migration.mjs	111	I	fn	advanceArguments	5
cli/run-migration.mjs	124	I	value	TERMINAL_VALIDATION_REFUSALS	10
cli/run-migration.mjs	141	E	fn	renderAuthoringRequest	9
cli/run-migration.mjs	163	I	fn	pendingApprovals	10
cli/run-migration.mjs	174	E	fn	decisionCandidates	2
cli/run-migration.mjs	193	I	fn	operatorApproval	6
cli/run-migration.mjs	235	I	fn	recordedPrefix	2
cli/run-migration.mjs	244	E	fn	runMigration	324
cli/run-migration.mjs	569	I	module-init	<module-init>	9
cli/toolkit-identity.mjs	30	I	value	COMMANDS	1
cli/toolkit-identity.mjs	32	E	fn	parseToolkitIdentityArguments	39
cli/toolkit-identity.mjs	72	I	fn	artifactEngine	1
cli/toolkit-identity.mjs	74	I	fn	reportChange	14
cli/toolkit-identity.mjs	89	E	fn	runToolkitIdentityCli	70
cli/toolkit-identity.mjs	160	I	module-init	<module-init>	6
cli/update-migration-registry.mjs	16	E	fn	parseRegistryArguments	30
cli/update-migration-registry.mjs	47	E	fn	runRegistryCli	36
cli/update-migration-registry.mjs	84	I	module-init	<module-init>	6
cli/validate-migration.mjs	12	E	fn	parseValidateArguments	30
cli/validate-migration.mjs	43	E	fn	runValidateCli	17
cli/validate-migration.mjs	61	I	module-init	<module-init>	6
core.mjs	17	E	reexport	export { assertOptionCombination, exitCodeFor, isAutoAuthority, maySelfConfirm, MIGRATION_MODES, MIGRATION_OUTCOMES, nextOutcome, } from "./migration-policy.mjs	9
core.mjs	28	E	reexport	export { ARTIFACT_DELEGATION_FORMAT, CAPABILITY_OWNERSHIP_FORMAT, DESIGN_SOURCE_FORMAT, DIRECT_LEDGER_DECISIONS_FORMAT, DISCOVERY_COMPLETENESS_FORMAT, FINAL_GAT	29
core.mjs	59	E	reexport	export { assertDiscoveryCompletenessFormat, BLOCKED_EXIT_CODE, compatibilityBlocker, DEFAULT_MODE, renderLoopDirective, upgradeCommandFor, } from "./resumable-m	8
core.mjs	69	E	reexport	export { BASELINE_ROWS_PIN, AUTO_DECISIONS_FILE, CAPABILITY_OWNERSHIP_FILE, DECISIONS_FILE, DISCOVERY_PIN, DISCOVERY_SCAN_FILE, migrationRoot, MODULE_CLASSIFICA	13
core.mjs	88	E	reexport	export { CHECKPOINT_STATES, migrationProgress, } from "./resumable-migration.mjs";	4
core.mjs	94	E	reexport	export { activeArtifact, authoringRequest, checkpointAction, checkpointArtifacts, expectedNextCheckpoint, getMigrationStatus, readMigrationContext, readState, }	10
core.mjs	107	E	reexport	export { advanceMigration, adoptUiObservations, artifactBindingFor, artifactPrerequisiteWork, assertArtifactPrerequisites, delegatedChangedFilesSatisfiedByChild	21
core.mjs	132	E	reexport	export { assertNoPendingFormatUpgrade, commitFormatUpgrade, commitNoOpFormatUpgrade, FORMAT_UPGRADE_FLOOR, FORMAT_UPGRADERS, isUiObservationsAdoption, pendingFo	9
core.mjs	143	E	reexport	export { inspectSliceArtifacts, reconcileSliceState, } from "./resumable-migration.mjs";	4
core.mjs	149	E	reexport	export { createDecisionCandidate, decisionAppliesToCandidate, decisionGroupFor, decisionLineDigest, decisionRationaleDigest, edgeDecisionSubject, decisionChanne	13
core.mjs	162	E	reexport	export { LATE_DECISION_KINDS } from "./resumable-migration.mjs";	1
core.mjs	167	E	reexport	export { pendingDecisionCandidates } from "./record-decision.mjs";	1
core.mjs	173	E	reexport	export { projectDecisions } from "./record-decision.mjs";	1
core.mjs	174	E	reexport	export { DECISION_PROJECTION_STATES, projectModuleDecision, } from "./resumable-migration.mjs";	4
core.mjs	183	E	reexport	export { AMEND_SLICE, authorizeOperationSequence, challengeForOperationSequence, deriveOperationSequence, operationSequenceRunner, OPERATION_SEQUENCE_KIND, rend	9
core.mjs	192	E	reexport	export { lifecycleBinding, sequenceAuthorizationEvidence, } from "./resumable-migration.mjs";	4
core.mjs	198	E	reexport	export { legacySourceBinding, readCanonicalModuleBoundary, renderTargetBaseline, sourceOfEvidence, validateDiscoveryCompleteness, } from "./resumable-migration.	7
core.mjs	205	E	reexport	export { parserResolutionError, runDiscoveryScan, structuralUnits, } from "./discovery-scan.mjs";	5
core.mjs	212	E	reexport	export { loadOpenSpecAuthority, validateOpenSpecProposal, } from "./resumable-migration.mjs";	4
core.mjs	220	E	reexport	export { assertFigmaSource, assertNoPendingTransaction, assertProjectRootContainment, assertSafeName, assertPonytailTarget, assertSecurePath, atomicWrite, commi	26
core.mjs	250	E	reexport	export { CONTENT_IDENTITY_BYTES, CONTENT_IDENTITY_TEXT, contentIdentity, contentIdentityMatches, fileContentIdentity, fileContentIdentityMatches, isContentIdent	11
core.mjs	263	E	reexport	export { lockPathFor, withModuleLock } from "./module-lock.mjs";	1
core.mjs	269	E	reexport	export { activeToolkitIdentity, autoAdoptableToolkitTransition, BUILD_IDENTITY_FILE, digestToolkitIdentity, renderToolkitIdentity, sameToolkitIdentity, TOOLKIT_	15
core.mjs	284	E	reexport	export { assertRecordToolkitIdentity, assertToolkitIdentityNotMismatched, autoAdoptToolkitIdentity, changeModuleToolkitIdentity, toolkitAdoptCommand, } from "./	7
core.mjs	294	E	reexport	export { engineArgv, engineCommand, engineScriptsRoot, engineSkillRoot, quoteCommandToken, skillRootFor, } from "./engine-paths.mjs";	8
discovery-scan.mjs	47	I	value	execFileAsync	1
discovery-scan.mjs	54	E	value	CENSUS_ALGORITHM_VERSION	1
discovery-scan.mjs	55	E	value	SUPPORTED_ALGORITHM_VERSIONS	1
discovery-scan.mjs	57	E	class	DiscoveryScannerVersionError	7
discovery-scan.mjs	65	I	value	SCRIPT_EXTENSIONS	10
discovery-scan.mjs	75	I	value	STYLE_EXTENSIONS	1
discovery-scan.mjs	76	I	value	ASSET_EXTENSIONS	17
discovery-scan.mjs	93	I	value	DATA_EXTENSIONS	1
discovery-scan.mjs	94	I	value	DOC_EXTENSIONS	1
discovery-scan.mjs	97	E	value	PROBE_EXTENSIONS	5
discovery-scan.mjs	108	E	value	VISUAL_KINDS	1
discovery-scan.mjs	111	E	value	PRODUCTION_REACHABILITY	4
discovery-scan.mjs	116	E	value	REACHABILITY_VALUES	6
discovery-scan.mjs	124	I	value	NEXT_APP_FILES	20
discovery-scan.mjs	146	I	value	NEXT_ROOT_FILES	6
discovery-scan.mjs	153	I	value	TEST_PATTERN	2
discovery-scan.mjs	156	I	fn	portable	1
discovery-scan.mjs	158	I	fn	extensionOf	1
discovery-scan.mjs	160	E	fn	kindOf	11
discovery-scan.mjs	172	I	fn	isScript	2
discovery-scan.mjs	174	I	fn	isStyle	2
discovery-scan.mjs	176	I	fn	isParseable	2
discovery-scan.mjs	179	I	fn	isWithin	7
discovery-scan.mjs	198	E	fn	parserResolutionError	19
discovery-scan.mjs	218	E	fn	loadTypeScript	7
discovery-scan.mjs	226	I	fn	gitList	18
discovery-scan.mjs	245	E	value	CENSUS_COMMAND	2
discovery-scan.mjs	248	I	fn	normalizeRoot	15
discovery-scan.mjs	264	I	fn	underRoot	2
discovery-scan.mjs	268	I	fn	assertNotSymlink	16
discovery-scan.mjs	289	I	fn	scriptEdges	637
discovery-scan.mjs	927	I	value	SCRIPT_UNIT_EXTENSIONS	10
discovery-scan.mjs	941	I	value	STRUCTURAL_MAX_DEPTH	1
discovery-scan.mjs	950	E	fn	structuralUnits	186
discovery-scan.mjs	1137	I	fn	scriptExportNames	54
discovery-scan.mjs	1195	I	value	CSS_IMPORT	1
discovery-scan.mjs	1196	I	value	CSS_URL	1
discovery-scan.mjs	1198	I	fn	styleEdges	22
discovery-scan.mjs	1228	I	fn	isFirstPartySpecifier	5
discovery-scan.mjs	1235	I	value	FINDING_KINDS	6
discovery-scan.mjs	1243	I	value	UNPROVEN_MODULE_EDGES	5
discovery-scan.mjs	1249	E	fn	runDiscoveryScan	1013
discovery-scan.mjs	2275	E	fn	discoveryDigest	21
engine-paths.mjs	38	E	fn	isMainModule	12
engine-paths.mjs	52	E	value	engineScriptsRoot	1
engine-paths.mjs	55	E	fn	skillRootFor	2
engine-paths.mjs	67	E	value	engineSkillRoot	1
engine-paths.mjs	86	E	fn	quoteCommandToken	9
engine-paths.mjs	102	E	fn	engineArgv	4
engine-paths.mjs	128	E	fn	engineCommand	2
format-upgrade.mjs	25	E	fn	nextIncrement	10
format-upgrade.mjs	50	E	fn	upgradeIsActive	3
format-upgrade.mjs	55	I	fn	validPrerequisite	7
format-upgrade.mjs	72	E	fn	classifyUpgrade	8
format-upgrade.mjs	85	E	fn	assertRegistryCoverage	78
format-upgrade.mjs	172	E	fn	upgradeProjection	22
mcp-server.mjs	63	I	value	SERVER_NAME	1
mcp-server.mjs	66	I	value	PROTOCOL_VERSIONS	1
mcp-server.mjs	68	I	value	JSON_RPC_PARSE_ERROR	1
mcp-server.mjs	69	I	value	JSON_RPC_INVALID_REQUEST	1
mcp-server.mjs	70	I	value	JSON_RPC_METHOD_NOT_FOUND	1
mcp-server.mjs	71	I	value	JSON_RPC_INTERNAL_ERROR	1
mcp-server.mjs	79	I	value	INPUT_SCHEMA	23
mcp-server.mjs	103	I	value	RUN_INPUT_SCHEMA	40
mcp-server.mjs	145	I	value	RELAY_TOOL	1
mcp-server.mjs	146	I	value	RELAY_INPUT_SCHEMA	11
mcp-server.mjs	158	I	value	ARTIFACT_INPUT_SCHEMA	13
mcp-server.mjs	173	I	fn	artifactOptions	3
mcp-server.mjs	183	I	value	REFUSED_TOOLS	29
mcp-server.mjs	220	I	value	APPROVAL_SHAPED_KEY	1
mcp-server.mjs	221	E	fn	approvalShapedArgument	6
mcp-server.mjs	228	I	fn	registryFor	7
mcp-server.mjs	241	I	fn	readOnly	2
mcp-server.mjs	244	I	fn	runArguments	31
mcp-server.mjs	284	E	fn	createSession	4
mcp-server.mjs	299	I	value	CONFIRMATION_SCHEMA	13
mcp-server.mjs	347	I	value	ELICITATION_TIMEOUT_MS	1
mcp-server.mjs	349	I	fn	trustedDecisionRecorder	33
mcp-server.mjs	392	I	fn	runTool	54
mcp-server.mjs	447	I	value	TOOLS	76
mcp-server.mjs	525	I	value	PROGRESS_TOOLS	1
mcp-server.mjs	527	I	value	TOOLS_BY_NAME	1
mcp-server.mjs	529	I	fn	descriptorOf	5
mcp-server.mjs	535	I	fn	failure	5
mcp-server.mjs	541	I	fn	success	1
mcp-server.mjs	546	I	value	toolCalls	1
mcp-server.mjs	547	I	fn	callTool	25
mcp-server.mjs	573	I	fn	callToolInContext	74
mcp-server.mjs	649	E	fn	handleMessage	34
mcp-server.mjs	684	I	fn	respond	10
mcp-server.mjs	696	I	fn	answeredId	10
mcp-server.mjs	718	E	fn	serve	61
mcp-server.mjs	780	I	module-init	<module-init>	6
migration-policy.mjs	25	E	reexport	export { isAutoAuthority };	1
migration-policy.mjs	27	E	value	MIGRATION_MODES	1
migration-policy.mjs	29	I	value	MODE_MESSAGE	1
migration-policy.mjs	31	I	value	DISCOVER_USAGE	2
migration-policy.mjs	34	I	value	ARTIFACT_USAGE	2
migration-policy.mjs	37	I	value	RUN_USAGE	2
migration-policy.mjs	40	I	fn	hasLegacy	4
migration-policy.mjs	45	I	fn	assertDesignSource	8
migration-policy.mjs	54	I	fn	hasFigma	2
migration-policy.mjs	57	I	fn	hasAddFile	4
migration-policy.mjs	67	I	value	RUN_REFUSED_OPTIONS	16
migration-policy.mjs	84	I	fn	assertMode	5
migration-policy.mjs	90	I	fn	assertStepName	5
migration-policy.mjs	104	E	fn	assertOptionCombination	272
migration-policy.mjs	394	E	fn	maySelfConfirm	6
migration-policy.mjs	406	E	value	MIGRATION_OUTCOMES	15
migration-policy.mjs	422	I	value	EXIT_CODES	10
migration-policy.mjs	438	E	fn	exitCodeFor	6
migration-policy.mjs	457	E	fn	nextOutcome	56
migration-utils.mjs	25	I	value	execFileAsync	1
migration-utils.mjs	26	I	value	SAFE_NAME	1
migration-utils.mjs	29	E	value	PONYTAIL_TARGETS	4
migration-utils.mjs	34	I	fn	portablePath	1
migration-utils.mjs	36	I	fn	comparablePath	4
migration-utils.mjs	41	I	fn	samePath	2
migration-utils.mjs	44	I	fn	isPonytailTarget	2
migration-utils.mjs	47	E	fn	assertPonytailTarget	8
migration-utils.mjs	56	E	fn	assertSafeName	8
migration-utils.mjs	65	E	value	DESIGN_SOURCES	5
migration-utils.mjs	71	I	value	FIGMA_FILE_KEY	1
migration-utils.mjs	74	I	value	FIGMA_NODE_ID	1
migration-utils.mjs	83	E	fn	assertFigmaSource	58
migration-utils.mjs	148	E	fn	resolveDesignSource	32
migration-utils.mjs	191	E	fn	resolveLegacySources	5
migration-utils.mjs	197	I	fn	assertPlainObject	6
migration-utils.mjs	204	I	fn	isWithin	7
migration-utils.mjs	215	E	fn	assertSecurePath	29
migration-utils.mjs	245	E	fn	atomicWrite	26
migration-utils.mjs	272	I	fn	resolveRegistryRoot	15
migration-utils.mjs	288	I	fn	validateRegistry	50
migration-utils.mjs	339	E	fn	registryIdentity	2
migration-utils.mjs	342	I	fn	readProjectConfiguration	36
migration-utils.mjs	380	I	fn	canonical	1
migration-utils.mjs	390	I	fn	gitTopLevel	12
migration-utils.mjs	431	I	fn	legacyInstalledProjectRoot	19
migration-utils.mjs	451	I	fn	projectRootFor	19
migration-utils.mjs	471	I	fn	readStateRegistry	41
migration-utils.mjs	513	I	fn	stateRegistryFromCwd	10
migration-utils.mjs	524	I	fn	stateRegistryFromCandidate	12
migration-utils.mjs	537	I	fn	stateRegistryFromWorkspace	25
migration-utils.mjs	563	I	fn	mismatch	4
migration-utils.mjs	568	E	fn	resolveRegistryPath	76
migration-utils.mjs	645	E	fn	previewProjectRegistryBinding	44
migration-utils.mjs	690	E	fn	persistProjectRegistryBinding	11
migration-utils.mjs	702	E	fn	readRegistry	18
migration-utils.mjs	721	E	fn	resolveModule	23
migration-utils.mjs	760	E	fn	gitRevision	26
migration-utils.mjs	802	E	fn	dirtyManifest	67
migration-utils.mjs	879	E	fn	committedChangesSince	30
migration-utils.mjs	915	E	fn	headRevision	12
migration-utils.mjs	933	E	fn	fileAtRevision	12
migration-utils.mjs	947	E	fn	isAncestorCommit	12
migration-utils.mjs	965	E	fn	commitsTouchingSince	22
migration-utils.mjs	998	E	fn	commitsIntroducingBlob	37
migration-utils.mjs	1048	E	fn	assertProjectRootContainment	17
migration-utils.mjs	1071	E	fn	pendingTransactions	32
migration-utils.mjs	1104	E	fn	assertNoPendingTransaction	8
migration-utils.mjs	1113	I	fn	nextRegistryDocument	48
migration-utils.mjs	1167	E	fn	previewRegistryUpdate	48
migration-utils.mjs	1216	E	fn	renderRegistryPreview	10
migration-utils.mjs	1227	I	fn	registryJournalPathFor	2
migration-utils.mjs	1237	I	fn	recoverRegistryJournal	33
migration-utils.mjs	1272	E	fn	updateRegistry	72
migration-utils.mjs	1357	I	fn	doctorCheck	14
migration-utils.mjs	1372	I	value	MINIMUM_NODE_MAJOR	1
migration-utils.mjs	1375	I	fn	existingKnowledgeRoot	14
migration-utils.mjs	1390	E	fn	runDoctor	97
migration-utils.mjs	1511	I	value	TEXT_IDENTITY_EXTENSIONS	6
migration-utils.mjs	1518	E	value	CONTENT_IDENTITY_TEXT	1
migration-utils.mjs	1519	E	value	CONTENT_IDENTITY_BYTES	1
migration-utils.mjs	1521	I	value	IDENTITY_SCHEMES	4
migration-utils.mjs	1526	I	value	TAGGED_IDENTITY	1
migration-utils.mjs	1527	I	value	PREFIXED_DIGEST	1
migration-utils.mjs	1528	I	value	BARE_DIGEST	1
migration-utils.mjs	1530	I	value	CR	1
migration-utils.mjs	1531	I	value	LF	1
migration-utils.mjs	1532	I	value	TAB	1
migration-utils.mjs	1533	I	value	DEL	1
migration-utils.mjs	1535	I	fn	sha256Hex	1
migration-utils.mjs	1538	I	fn	foldCrlf	11
migration-utils.mjs	1551	I	fn	expandLf	14
migration-utils.mjs	1572	I	fn	isTextContent	12
migration-utils.mjs	1591	E	fn	isTextIdentityEligible	4
migration-utils.mjs	1602	E	fn	parseContentIdentity	11
migration-utils.mjs	1619	E	fn	isContentIdentity	5
migration-utils.mjs	1629	E	fn	contentIdentity	10
migration-utils.mjs	1657	E	fn	contentIdentityMatches	29
migration-utils.mjs	1688	E	fn	fileContentIdentity	7
migration-utils.mjs	1697	E	fn	fileContentIdentityMatches	17
module-lock.mjs	32	I	value	LOCK_ROOT	1
module-lock.mjs	34	E	fn	lockPathFor	2
module-lock.mjs	42	I	fn	sleep	1
module-lock.mjs	45	E	fn	processAlive	10
module-lock.mjs	56	I	fn	readOwner	9
module-lock.mjs	72	I	fn	reclaimStale	14
module-lock.mjs	92	E	fn	acquireModuleLock	66
module-lock.mjs	159	E	fn	withModuleLock	8
module-lock.mjs	172	E	fn	writeJournalAtomic	12
operation-sequence.mjs	64	E	value	OPERATION_SEQUENCE_KIND	1
operation-sequence.mjs	67	E	value	AMEND_SLICE	1
operation-sequence.mjs	75	I	fn	nextExpected	4
operation-sequence.mjs	86	I	fn	memberFacts	14
operation-sequence.mjs	102	I	fn	addedFileFact	7
operation-sequence.mjs	121	E	fn	deriveOperationSequence	116
operation-sequence.mjs	243	E	fn	challengeForOperationSequence	2
operation-sequence.mjs	246	E	fn	renderOperationSequence	31
operation-sequence.mjs	293	E	fn	authorizeOperationSequence	50
operation-sequence.mjs	352	E	fn	operationSequenceRunner	140
operator-approval.mjs	7	E	fn	renderGroupBlock	12
operator-approval.mjs	20	E	fn	renderCandidateBlock	13
operator-approval.mjs	34	I	fn	terminalDecisionRecorder	2
operator-approval.mjs	37	I	value	AUTO_REASON	3
operator-approval.mjs	41	I	value	autoDecisionRecorder	5
operator-approval.mjs	57	E	fn	recorderFor	8
operator-approval.mjs	71	I	fn	carryChannel	2
operator-approval.mjs	74	E	fn	moduleApprover	4
operator-approval.mjs	79	E	fn	artifactApprover	15
operator-approval.mjs	107	E	fn	approveWithOperator	44
operator-signer-service.mjs	32	E	value	SERVICE_CONFIG_FILE	1
operator-signer-service.mjs	34	I	fn	writeOperatorOnly	4
operator-signer-service.mjs	39	E	fn	runSignerService	33
operator-signer-service.mjs	73	I	module-init	<module-init>	6
operator-signer.mjs	36	E	value	PRODUCTION_ATTESTED_WRITES	1
operator-signer.mjs	37	E	value	ACTIVATION_MANIFEST_FILE	1
operator-signer.mjs	38	I	value	STORE_FILE	1
operator-signer.mjs	40	I	fn	typed	1
operator-signer.mjs	43	E	fn	assertSignerOrigin	8
operator-signer.mjs	52	I	fn	assertOwnerOnly	6
operator-signer.mjs	64	E	fn	openSignerStore	38
operator-signer.mjs	103	I	fn	transaction	5
operator-signer.mjs	110	I	fn	readLedgerNoFollow	4
operator-signer.mjs	119	E	fn	createOperatorSigner	213
operator-signer.mjs	335	I	value	ACTIVATION_KEYS	1
operator-signer.mjs	338	E	fn	checkSignerActivation	18
operator-signer.mjs	361	E	fn	readRootOwnedJson	16
operator-signer.mjs	379	E	fn	readSignerActivation	9
operator-signer.mjs	391	I	value	HTML_ESCAPES	1
operator-signer.mjs	393	E	fn	inertHtml	4
operator-signer.mjs	398	I	value	SECURITY_HEADERS	10
operator-signer.mjs	410	I	value	APP_JS	33
operator-signer.mjs	445	I	value	ENROLL_JS	24
operator-signer.mjs	470	I	value	SESSION_MS	1
operator-signer.mjs	471	I	value	BODY_LIMIT	1
operator-signer.mjs	480	E	fn	startReviewCompanion	131
operator-webauthn.mjs	15	E	value	ASSERTION_PROTOCOL	1
operator-webauthn.mjs	16	I	value	CHALLENGE_DOMAIN	1
operator-webauthn.mjs	17	E	value	VERIFICATION_VERSION	1
operator-webauthn.mjs	18	E	value	MAX_CHALLENGE_LIFETIME_MS	1
operator-webauthn.mjs	19	E	value	COSE_ES256	1
operator-webauthn.mjs	21	E	value	ATTESTED_ARTIFACT_KINDS	1
operator-webauthn.mjs	23	I	value	RECORD_KEYS	4
operator-webauthn.mjs	27	I	value	PAYLOAD_KEYS	5
operator-webauthn.mjs	32	E	value	BINDING_KEYS	1
operator-webauthn.mjs	33	I	value	DIGEST	1
operator-webauthn.mjs	34	I	value	BASE64URL	1
operator-webauthn.mjs	35	I	value	PROOF_KEYS	1
operator-webauthn.mjs	37	E	fn	sha256Digest	2
operator-webauthn.mjs	39	E	fn	base64url	1
operator-webauthn.mjs	40	I	fn	exactKeys	3
operator-webauthn.mjs	43	I	fn	nonEmpty	1
operator-webauthn.mjs	44	I	fn	b64	3
operator-webauthn.mjs	49	E	fn	groupMembersDigestOf	1
operator-webauthn.mjs	52	E	fn	assertionPayload	24
operator-webauthn.mjs	78	E	fn	parseAssertionPayload	8
operator-webauthn.mjs	87	E	fn	assertionChallenge	2
operator-webauthn.mjs	91	E	fn	proofFromResponse	14
operator-webauthn.mjs	106	E	fn	proofProblem	10
operator-webauthn.mjs	117	I	fn	responseFromProof	12
operator-webauthn.mjs	130	I	fn	assertEs256	6
operator-webauthn.mjs	142	E	fn	verifyAssertionProof	28
operator-webauthn.mjs	172	E	fn	verifyEnrollment	20
record-decision.mjs	107	E	value	DECISION_KINDS	16
record-decision.mjs	128	E	fn	challengeFor	2
record-decision.mjs	143	E	value	APPROVAL_CHANNELS	1
record-decision.mjs	145	E	fn	channelOf	2
record-decision.mjs	159	E	fn	autoApprovalChannel	2
record-decision.mjs	167	E	fn	approvedByPhrase	2
record-decision.mjs	170	I	fn	APPROVAL_EVIDENCE	7
record-decision.mjs	178	I	fn	GROUP_APPROVAL_EVIDENCE	7
record-decision.mjs	186	E	value	APPROVAL_EVIDENCE_PHRASES	4
record-decision.mjs	191	E	fn	parseDecisionArguments	68
record-decision.mjs	260	I	fn	operatorIdentity	2
record-decision.mjs	268	E	value	rationaleDigestOf	1
record-decision.mjs	271	E	value	SIGNER_UNAVAILABLE	1
record-decision.mjs	273	I	fn	blockedFor	7
record-decision.mjs	281	I	value	REVIEW_EFFECTS	8
record-decision.mjs	291	E	fn	reviewFor	34
record-decision.mjs	327	I	fn	inertText	4
record-decision.mjs	331	I	fn	indentReview	1
record-decision.mjs	332	I	fn	renderEvidence	6
record-decision.mjs	339	E	fn	renderDecisionReview	17
record-decision.mjs	357	E	fn	buildDecision	62
record-decision.mjs	420	I	fn	derivePendingDecisions	324
record-decision.mjs	753	I	fn	decisionCheckpoint	7
record-decision.mjs	762	I	value	PROJECTION_PRECEDENCE	1
record-decision.mjs	764	I	fn	decisionProjection	15
record-decision.mjs	782	E	fn	pendingDecisionCandidates	2
record-decision.mjs	802	E	fn	projectDecisions	18
record-decision.mjs	822	I	fn	moduleRecompute	18
record-decision.mjs	849	E	fn	recordNewFormatDecisionGroup	38
record-decision.mjs	902	I	fn	withOperatorApproval	135
record-decision.mjs	1044	E	fn	ledgerFileForChannel	2
record-decision.mjs	1047	I	fn	appendDecisions	27
record-decision.mjs	1075	E	fn	groupFactsDigest	2
record-decision.mjs	1083	I	fn	ledgerHeadFor	7
record-decision.mjs	1102	I	fn	autoAuthorization	18
record-decision.mjs	1121	I	fn	appendGroupDecisions	41
record-decision.mjs	1179	I	fn	appendNewFormatGroupDecision	38
record-decision.mjs	1218	E	fn	assertReviewedCandidateCurrent	7
record-decision.mjs	1226	I	fn	approveDecisionGroup	32
record-decision.mjs	1259	I	fn	approveCandidate	62
record-decision.mjs	1325	I	fn	webauthnProtocol	1
record-decision.mjs	1326	I	fn	refused	1
record-decision.mjs	1328	I	fn	attestedRecompute	14
record-decision.mjs	1344	I	fn	attestedBinding	43
record-decision.mjs	1388	I	fn	appendDurably	21
record-decision.mjs	1411	E	fn	reviewAttestedCandidate	7
record-decision.mjs	1420	E	fn	beginAttestedDecision	9
record-decision.mjs	1437	E	fn	completeAttestedDecision	67
record-decision.mjs	1510	I	fn	deriveArtifactDecisions	36
record-decision.mjs	1547	I	fn	runArtifactDecisionCli	60
record-decision.mjs	1624	I	value	BOUND_TO_FIELDS	7
record-decision.mjs	1632	E	fn	auditDecisionLedger	121
record-decision.mjs	1754	I	fn	groupFindings	57
record-decision.mjs	1818	I	fn	verifyRecord	73
record-decision.mjs	1892	E	fn	runRecordDecisionCli	117
record-decision.mjs	2011	E	fn	reviewReference	2
record-decision.mjs	2020	E	fn	relayOperatorDecision	37
record-decision.mjs	2058	I	module-init	<module-init>	6
resumable-migration.mjs	107	I	fn	artifactEngine	2
resumable-migration.mjs	110	E	value	RESUMABLE_CONTRACT_VERSION	1
resumable-migration.mjs	111	E	value	MIGRATION_FORMAT_VERSION	1
resumable-migration.mjs	112	E	value	WORKFLOW_VERSION	1
resumable-migration.mjs	118	E	value	EARLIEST_SUPPORTED_FORMAT	1
resumable-migration.mjs	126	E	value	DISCOVERY_COMPLETENESS_FORMAT	1
resumable-migration.mjs	128	E	fn	usesDiscoveryCompleteness	2
resumable-migration.mjs	139	E	value	CAPABILITY_OWNERSHIP_FORMAT	1
resumable-migration.mjs	141	E	fn	usesCapabilityOwnership	2
resumable-migration.mjs	144	E	value	UI_VERIFICATION_FORMAT	1
resumable-migration.mjs	145	E	fn	usesUiVerification	2
resumable-migration.mjs	148	E	value	ARTIFACT_DELEGATION_FORMAT	1
resumable-migration.mjs	149	E	fn	usesArtifactDelegation	2
resumable-migration.mjs	160	E	value	DESIGN_SOURCE_FORMAT	1
resumable-migration.mjs	161	E	fn	usesDesignSource	2
resumable-migration.mjs	173	E	value	MULTI_SOURCE_FORMAT	1
resumable-migration.mjs	174	E	fn	usesMultiSource	2
resumable-migration.mjs	196	E	value	SLICE_REWORK_FORMAT	1
resumable-migration.mjs	197	E	fn	usesSliceRework	2
resumable-migration.mjs	221	E	value	VISUAL_ACCEPTANCE_FORMAT	1
resumable-migration.mjs	222	E	fn	usesVisualAcceptance	2
resumable-migration.mjs	231	E	value	REQUIRED_OBSERVATIONS_FORMAT	1
resumable-migration.mjs	232	E	fn	usesRequiredObservations	2
resumable-migration.mjs	248	E	value	DIRECT_LEDGER_DECISIONS_FORMAT	1
resumable-migration.mjs	249	E	fn	usesDirectLedgerDecisions	2
resumable-migration.mjs	260	E	value	MIGRATION_FORMAT_SUPPORTED	1
resumable-migration.mjs	261	E	value	FORMAT_ACTIVE_FOR_NEW_MIGRATIONS	1
resumable-migration.mjs	277	E	value	FORMAT_UPGRADE_FLOOR	1
resumable-migration.mjs	287	E	fn	isUiObservationsAdoption	4
resumable-migration.mjs	292	E	value	UI_OBSERVATIONS_ADOPTION_ROOT	1
resumable-migration.mjs	293	E	value	UI_OBSERVATIONS_CANDIDATE_FILE	1
resumable-migration.mjs	299	I	fn	usesVisualContract	2
resumable-migration.mjs	314	I	fn	usesSourceAttribution	2
resumable-migration.mjs	318	E	fn	legacySourcesOf	2
resumable-migration.mjs	326	E	fn	isBrownfield	2
resumable-migration.mjs	341	E	fn	assertDiscoveryCompletenessFormat	10
resumable-migration.mjs	443	I	value	SELF_HEALING_FORMAT_VERSIONS	6
resumable-migration.mjs	469	E	value	NON_PROMOTING_FORMAT_VERSIONS	10
resumable-migration.mjs	487	I	value	FORMAT_FEATURES	12
resumable-migration.mjs	500	E	fn	stampedFormatVersion	12
resumable-migration.mjs	514	E	value	SUPPORTED_FORMAT_VERSIONS	6
resumable-migration.mjs	522	E	fn	formatIsSupported	4
resumable-migration.mjs	535	E	fn	formatIsPromoting	3
resumable-migration.mjs	546	I	value	ANCHORED_FORMAT_VERSION	1
resumable-migration.mjs	554	E	value	BLOCKED_EXIT_CODE	1
resumable-migration.mjs	561	E	value	DEFAULT_MODE	1
resumable-migration.mjs	584	E	fn	isAutoAuthority	1
resumable-migration.mjs	611	E	fn	renderLoopDirective	17
resumable-migration.mjs	629	E	value	UPGRADABLE_CONTRACT_VERSION	1
resumable-migration.mjs	630	E	value	UPGRADABLE_FORMAT_VERSION	1
resumable-migration.mjs	632	E	fn	upgradeCommandFor	2
resumable-migration.mjs	640	E	fn	compatibilityBlocker	23
resumable-migration.mjs	664	E	value	MIGRATION_STEPS	11
resumable-migration.mjs	677	E	value	LEGACY_MIGRATION_STEPS	3
resumable-migration.mjs	686	E	fn	stepsFor	2
resumable-migration.mjs	689	E	value	FINAL_GATES	9
resumable-migration.mjs	699	I	value	TARGET_STATES	7
resumable-migration.mjs	707	I	value	TERMINAL_PARITY	11
resumable-migration.mjs	726	I	value	PARITY_STATUSES	1
resumable-migration.mjs	735	I	value	SLICE_EARNED_PARITY	1
resumable-migration.mjs	738	I	fn	anySliceVerified	3
resumable-migration.mjs	742	I	value	TARGET_ADOPTION_MODES	1
resumable-migration.mjs	744	I	value	TERMINAL_DESIGN_SYSTEM	1
resumable-migration.mjs	746	I	value	UI_KINDS	15
resumable-migration.mjs	761	I	value	UI_MISMATCH_DISPOSITIONS	7
resumable-migration.mjs	769	I	value	UI_UNREQUIRED_DISPOSITIONS	1
resumable-migration.mjs	775	I	value	UI_INTERACTIVE_KINDS	7
resumable-migration.mjs	783	I	value	UI_CONDITIONAL_KINDS	4
resumable-migration.mjs	788	I	value	UI_VIEWPORT_STATES	1
resumable-migration.mjs	794	I	value	UI_SECRET_KEY_PATTERN	2
resumable-migration.mjs	800	I	value	UI_SECRET_VALUE_PATTERN	2
resumable-migration.mjs	804	I	fn	assertNoUiSecret	27
resumable-migration.mjs	839	I	fn	uiBehaviorIsRequired	5
resumable-migration.mjs	844	E	value	UI_PROOF_FORMAT	1
resumable-migration.mjs	846	E	value	UI_RUNTIME_STATES	13
resumable-migration.mjs	860	I	value	BEHAVIOR_DISPOSITIONS	12
resumable-migration.mjs	878	I	value	CAPABILITY_DISPOSITIONS	6
resumable-migration.mjs	886	I	value	NON_TERMINAL_CAPABILITIES	4
resumable-migration.mjs	892	I	value	SHARED_CONSUMER_THRESHOLD	1
resumable-migration.mjs	896	E	value	DISCOVERY_SCAN_FILE	1
resumable-migration.mjs	897	E	value	MODULE_CLASSIFICATION_FILE	2
resumable-migration.mjs	899	E	value	DECISIONS_FILE	1
resumable-migration.mjs	915	E	value	AUTO_DECISIONS_FILE	1
resumable-migration.mjs	916	E	value	CAPABILITY_OWNERSHIP_FILE	1
resumable-migration.mjs	917	E	value	UI_REMEDIATION_FILE	1
resumable-migration.mjs	922	E	value	FIGMA_CONTEXT_FILE	1
resumable-migration.mjs	925	E	value	VISUAL_ACCEPTANCE_FILE	1
resumable-migration.mjs	929	E	value	FIGMA_CONTEXT_ADOPTION_FILE	2
resumable-migration.mjs	934	E	value	LEGACY_RUNTIME_CONTEXT_FILE	2
resumable-migration.mjs	939	E	value	LEGACY_RUNTIME_EVIDENCE_ROOT	1
resumable-migration.mjs	940	I	value	TARGET_EVIDENCE_ROOT	1
resumable-migration.mjs	950	E	value	LEGACY_AUTHORITY_ROLE	1
resumable-migration.mjs	951	E	value	TARGET_VERIFICATION_ROLE	1
resumable-migration.mjs	966	I	fn	hardenedVisual	8
resumable-migration.mjs	986	E	value	VISUAL_AUTHORITIES	24
resumable-migration.mjs	1012	I	fn	frameKeyOf	2
resumable-migration.mjs	1016	I	fn	recordRelative	2
resumable-migration.mjs	1032	I	fn	assertCaptureRole	8
resumable-migration.mjs	1041	I	fn	assertTargetEvidencePath	11
resumable-migration.mjs	1054	E	fn	visualAuthorityOf	2
resumable-migration.mjs	1057	I	value	AUTHORITY_CONTEXT_FILES	3
resumable-migration.mjs	1068	I	fn	pinsAuthorityContext	3
resumable-migration.mjs	1071	E	value	ADOPTION_ROOT	1
resumable-migration.mjs	1080	E	value	REOPEN_ROOT	1
resumable-migration.mjs	1089	E	value	TARGET_BASELINE_FILE	1
resumable-migration.mjs	1091	I	value	STEP_FILES	11
resumable-migration.mjs	1103	E	value	STEP_DEPENDENCIES	22
resumable-migration.mjs	1135	E	value	BASELINE_ROWS_PIN	1
resumable-migration.mjs	1136	I	value	IMMUTABLE_BEHAVIOR_ROW_FIELDS	6
resumable-migration.mjs	1149	E	value	DISCOVERY_PIN	1
resumable-migration.mjs	1151	I	value	IMMUTABLE_STEP_ARTIFACTS	35
resumable-migration.mjs	1192	I	value	KNOWN_STATE_KEYS	45
resumable-migration.mjs	1238	I	fn	isPlainObject	2
resumable-migration.mjs	1241	I	fn	assertPlainObject	4
resumable-migration.mjs	1246	I	fn	assertArray	4
resumable-migration.mjs	1251	I	fn	assertNonEmpty	6
resumable-migration.mjs	1258	I	fn	assertBoolean	4
resumable-migration.mjs	1263	I	fn	assertUniqueIds	10
resumable-migration.mjs	1274	I	fn	isWithin	7
resumable-migration.mjs	1282	I	fn	fileExists	9
resumable-migration.mjs	1292	I	fn	readJson	16
resumable-migration.mjs	1309	I	fn	hashFile	4
resumable-migration.mjs	1320	I	fn	fileIdentity	2
resumable-migration.mjs	1323	I	fn	fileIdentityMatches	2
resumable-migration.mjs	1331	I	value	DERIVED_PINS	74
resumable-migration.mjs	1412	E	value	LATE_DECISION_KINDS	1
resumable-migration.mjs	1413	E	fn	decisionKindAllowed	2
resumable-migration.mjs	1416	I	fn	assertLateDecisionsAreAppendable	24
resumable-migration.mjs	1442	I	fn	pinnedSourcePath	2
resumable-migration.mjs	1453	I	fn	hashPinnedArtifact	7
resumable-migration.mjs	1468	I	fn	isBytePinned	7
resumable-migration.mjs	1482	I	fn	pinnedArtifactMatches	12
resumable-migration.mjs	1499	I	value	INTEGRITY_FILE	1
resumable-migration.mjs	1501	I	fn	digestArtifactHashes	12
resumable-migration.mjs	1530	I	fn	historyAnchorOf	4
resumable-migration.mjs	1535	I	fn	historyAnchorNow	6
resumable-migration.mjs	1542	I	fn	renderIntegrity	21
resumable-migration.mjs	1572	I	fn	decisionsAnchorNow	6
resumable-migration.mjs	1585	I	fn	autoDecisionsAnchorNow	6
resumable-migration.mjs	1598	I	fn	renderIntegrityNow	10
resumable-migration.mjs	1609	I	fn	readIntegrity	9
resumable-migration.mjs	1626	I	fn	assertIntegrityAnchor	66
resumable-migration.mjs	1702	I	fn	assertDecisionsAppendOnly	13
resumable-migration.mjs	1721	I	fn	assertHistoryAppendOnly	23
resumable-migration.mjs	1757	I	fn	assertUnanchoredHistoryTail	28
resumable-migration.mjs	1790	E	value	TARGET_DIRTY_SCOPE	3
resumable-migration.mjs	1794	I	fn	portableRoot	1
resumable-migration.mjs	1797	I	fn	baselineDirtyEntries	13
resumable-migration.mjs	1820	E	fn	renderTargetBaseline	15
resumable-migration.mjs	1836	I	fn	validateTargetBaselineShape	18
resumable-migration.mjs	1864	I	fn	targetBaselineDrift	23
resumable-migration.mjs	1892	I	fn	resolveStepPins	4
resumable-migration.mjs	1898	I	fn	readTargetBaseline	6
resumable-migration.mjs	1906	I	fn	briefDigestFor	9
resumable-migration.mjs	1916	I	fn	hashContent	2
resumable-migration.mjs	1919	I	value	OPEN_SPEC_REQUIREMENT	2
resumable-migration.mjs	1921	I	value	OPEN_SPEC_SCENARIO	2
resumable-migration.mjs	1924	I	fn	parseOpenSpec	65
resumable-migration.mjs	1990	I	fn	requirementsSourceFor	20
resumable-migration.mjs	2011	E	fn	loadOpenSpecAuthority	22
resumable-migration.mjs	2034	E	fn	validateOpenSpecProposal	15
resumable-migration.mjs	2050	I	fn	validateOpenSpecAuthorityShape	40
resumable-migration.mjs	2091	I	fn	assertCurrentOpenSpecAuthority	29
resumable-migration.mjs	2122	I	fn	contentIdentityMatchesSource	5
resumable-migration.mjs	2128	I	fn	now	1
resumable-migration.mjs	2130	E	fn	migrationRoot	2
resumable-migration.mjs	2133	I	fn	statePathFor	2
resumable-migration.mjs	2138	I	fn	legacyChecklistBlocker	10
resumable-migration.mjs	2149	E	fn	activeArtifact	8
resumable-migration.mjs	2158	E	fn	expectedNextCheckpoint	13
resumable-migration.mjs	2172	E	fn	checkpointArtifacts	28
resumable-migration.mjs	2201	E	fn	checkpointAction	18
resumable-migration.mjs	2230	E	fn	authoringRequest	11
resumable-migration.mjs	2242	I	fn	confirmationIdFor	5
resumable-migration.mjs	2248	I	fn	resumeGuidance	13
resumable-migration.mjs	2262	I	fn	renderState	1
resumable-migration.mjs	2264	I	fn	renderStep	27
resumable-migration.mjs	2292	I	fn	stepTemplates	140
resumable-migration.mjs	2433	I	value	initialArtifacts	16
resumable-migration.mjs	2450	I	value	initialJsonArtifacts	50
resumable-migration.mjs	2501	I	fn	createResolveStep	55
resumable-migration.mjs	2557	I	value	LEGACY_REVISION_LINE	1
resumable-migration.mjs	2558	I	value	LEGACY_REVISION_SCOPE_LINE	1
resumable-migration.mjs	2560	I	fn	assertLegacyRevisionShape	8
resumable-migration.mjs	2575	I	fn	validateTargetAdoptionShape	31
resumable-migration.mjs	2613	I	fn	designSourceExplicit	3
resumable-migration.mjs	2617	I	fn	figmaSourceKey	5
resumable-migration.mjs	2627	I	fn	assertDesignSourceUnchanged	15
resumable-migration.mjs	2649	I	fn	stateMappingMismatch	5
resumable-migration.mjs	2660	I	fn	assertLegacySourcesUnchanged	9
resumable-migration.mjs	2670	I	fn	validateStateShape	229
resumable-migration.mjs	2903	I	value	ADVANCE_JOURNAL	1
resumable-migration.mjs	2905	I	fn	readAdvanceJournal	9
resumable-migration.mjs	2915	E	fn	readState	12
resumable-migration.mjs	2947	I	fn	assertStateGraph	379
resumable-migration.mjs	3336	I	value	HISTORY_HASH_DOMAIN	1
resumable-migration.mjs	3337	I	fn	historyDigest	2
resumable-migration.mjs	3339	I	fn	keyOrder	8
resumable-migration.mjs	3347	I	fn	canonicalHistoryJson	8
resumable-migration.mjs	3355	I	fn	hashHistoryEvent	4
resumable-migration.mjs	3360	I	fn	prepareHistoryEvent	19
resumable-migration.mjs	3380	I	fn	appendHistory	10
resumable-migration.mjs	3397	I	fn	assertHistoryAppendable	7
resumable-migration.mjs	3423	I	fn	sealHistoryTail	30
resumable-migration.mjs	3455	I	fn	appendHistoryOnce	17
resumable-migration.mjs	3477	I	fn	assertRecovered	4
resumable-migration.mjs	3488	E	fn	recoverMigrationRecord	12
resumable-migration.mjs	3506	I	fn	recoverPendingAdvance	67
resumable-migration.mjs	3574	I	fn	readHistoryEvents	59
resumable-migration.mjs	3634	I	fn	completedArtifactHashes	32
resumable-migration.mjs	3667	I	fn	validateCompletedHashes	32
resumable-migration.mjs	3710	I	fn	assertSliceStateConsistent	8
resumable-migration.mjs	3719	I	fn	assertStepDocumentComplete	10
resumable-migration.mjs	3741	I	value	PATH_CLAIM	1
resumable-migration.mjs	3743	I	fn	evidencePathClaim	7
resumable-migration.mjs	3751	I	fn	commonAncestor	9
resumable-migration.mjs	3761	I	fn	resolveEvidencePath	15
resumable-migration.mjs	3777	I	fn	assertEvidenceResolves	11
resumable-migration.mjs	3803	I	value	EVIDENCE_CATEGORIES	5
resumable-migration.mjs	3808	I	value	EVIDENCE_KINDS	1
resumable-migration.mjs	3809	I	value	EVIDENCE_STATUSES	1
resumable-migration.mjs	3811	I	fn	assertOpenSpecIds	9
resumable-migration.mjs	3821	I	fn	assertEvidenceChecklist	52
resumable-migration.mjs	3874	I	fn	assertLegacyDiscoveryChecklist	37
resumable-migration.mjs	3912	I	fn	assertTargetAssessmentChecklist	15
resumable-migration.mjs	3936	I	fn	assertCommandResults	30
resumable-migration.mjs	3967	I	fn	validateLegacyInventory	161
resumable-migration.mjs	4135	I	value	OBSERVATION_EXPECTED	8
resumable-migration.mjs	4143	I	value	OBSERVATION_FIELDS	9
resumable-migration.mjs	4153	E	fn	assertRequiredObservations	84
resumable-migration.mjs	4256	E	fn	decisionLineDigest	2
resumable-migration.mjs	4259	E	fn	decisionRationaleDigest	4
resumable-migration.mjs	4265	E	fn	lifecycleBinding	9
resumable-migration.mjs	4275	E	fn	edgeDecisionSubject	2
resumable-migration.mjs	4278	I	fn	candidateHash	6
resumable-migration.mjs	4286	E	fn	candidateDigestOf	2
resumable-migration.mjs	4289	E	fn	createDecisionCandidate	21
resumable-migration.mjs	4319	E	fn	createNewFormatDecisionCandidate	5
resumable-migration.mjs	4325	I	fn	decisionGroupMemberFact	8
resumable-migration.mjs	4334	E	value	DECISION_GROUP_KIND	1
resumable-migration.mjs	4336	I	value	DECISION_MODULE_BINDING	7
resumable-migration.mjs	4349	I	fn	groupMembersOf	16
resumable-migration.mjs	4367	I	fn	groupCandidateInput	19
resumable-migration.mjs	4388	E	fn	decisionGroupFor	17
resumable-migration.mjs	4417	E	fn	createNewFormatDecisionGroup	26
resumable-migration.mjs	4454	E	fn	resolveGroupDecision	26
resumable-migration.mjs	4481	E	fn	decisionAppliesToCandidate	32
resumable-migration.mjs	4514	E	fn	rawDecisionLedgerDigest	7
resumable-migration.mjs	4523	E	fn	rawDecisionLedgerBytes	4
resumable-migration.mjs	4529	E	fn	decisionChannelOf	2
resumable-migration.mjs	4541	E	value	DECISION_PRINCIPALS	5
resumable-migration.mjs	4546	E	value	DECISION_RESULTS	1
resumable-migration.mjs	4547	I	value	DECISION_V2_FIELDS	1
resumable-migration.mjs	4550	E	value	DEFAULT_DECISION_POLICY_ID	1
resumable-migration.mjs	4551	I	value	PROTECTED_DECISION_POLICY_FILE	1
resumable-migration.mjs	4552	I	value	JUDGMENT_KINDS	4
resumable-migration.mjs	4556	I	fn	sha256Json	2
resumable-migration.mjs	4558	I	fn	canonicalPolicy	4
resumable-migration.mjs	4562	I	value	STANDARD_LOCAL	4
resumable-migration.mjs	4566	E	value	DEFAULT_DECISION_POLICY_DIGEST	1
resumable-migration.mjs	4568	I	value	LEGACY_DECISION_POLICY_ID	1
resumable-migration.mjs	4569	I	value	LEGACY_DECISION_POLICY_DIGEST	3
resumable-migration.mjs	4572	I	fn	policyPrincipal	1
resumable-migration.mjs	4575	E	fn	principalSatisfiesRequirement	7
resumable-migration.mjs	4584	E	fn	validateProtectedDecisionPolicy	47
resumable-migration.mjs	4632	I	fn	trustedPolicyFor	32
resumable-migration.mjs	4666	E	fn	resolveRequiredPrincipal	14
resumable-migration.mjs	4681	E	fn	resolveHistoricalRequiredPrincipal	20
resumable-migration.mjs	4703	E	fn	decisionLineProblem	41
resumable-migration.mjs	4750	E	value	attestationVerifierScope	1
resumable-migration.mjs	4753	E	fn	attestedLineProblem	8
resumable-migration.mjs	4762	I	fn	verifyAttestedLine	14
resumable-migration.mjs	4778	E	fn	decisionPrincipalOf	6
resumable-migration.mjs	4796	I	fn	readDecisionLedger	60
resumable-migration.mjs	4858	E	fn	readOperatorDecisions	2
resumable-migration.mjs	4862	E	fn	readAutoDecisions	2
resumable-migration.mjs	4875	E	fn	readRecordedDecisions	12
resumable-migration.mjs	4888	I	value	CLASSIFICATION_SCOPES	8
resumable-migration.mjs	4896	I	value	DISPOSITIONS	7
resumable-migration.mjs	4904	I	value	DECISION_BACKED_DISPOSITIONS	4
resumable-migration.mjs	4914	I	value	AGENT_DISMISSIBLE	4
resumable-migration.mjs	4927	E	fn	legacySourceBinding	7
resumable-migration.mjs	4953	I	fn	requireDecision	91
resumable-migration.mjs	5061	I	value	consumedDecisionStore	1
resumable-migration.mjs	5064	I	fn	consumedDecisionIdentity	9
resumable-migration.mjs	5074	I	fn	recordConsumedDecision	5
resumable-migration.mjs	5086	E	value	LEGACY_COMPATIBILITY_ACTION_REQUIRED	2
resumable-migration.mjs	5089	E	class	LegacyCompatibilityActionRequired	7
resumable-migration.mjs	5124	E	value	DECISION_PROJECTION_STATES	8
resumable-migration.mjs	5149	I	fn	applicableDecisionOutcome	111
resumable-migration.mjs	5267	E	fn	resolveApplicableDecision	8
resumable-migration.mjs	5292	I	fn	groupAuthorityFor	44
resumable-migration.mjs	5342	I	fn	requireModuleDecision	16
resumable-migration.mjs	5372	E	fn	projectModuleDecision	34
resumable-migration.mjs	5414	I	fn	moduleDecisionCandidate	4
resumable-migration.mjs	5419	I	fn	moduleEdgeTargetsFrom	9
resumable-migration.mjs	5429	I	fn	assertRecordedScannerVersion	21
resumable-migration.mjs	5458	E	fn	readCanonicalModuleBoundary	54
resumable-migration.mjs	5526	I	fn	assertDirectLedgerClassificationSchema	30
resumable-migration.mjs	5558	I	fn	moduleRootPath	2
resumable-migration.mjs	5566	I	fn	moduleRootSource	3
resumable-migration.mjs	5579	I	fn	assertSourcedModuleRoots	52
resumable-migration.mjs	5641	E	fn	sourceOfEvidence	10
resumable-migration.mjs	5652	I	fn	assertLegacyEvidenceWithinBoundary	36
resumable-migration.mjs	5689	E	fn	validateDiscoveryCompleteness	415
resumable-migration.mjs	6111	I	fn	assertAdoptedTargetEvidence	20
resumable-migration.mjs	6132	I	fn	validateTargetInventory	151
resumable-migration.mjs	6285	I	fn	featureLocalPrefix	1
resumable-migration.mjs	6288	I	fn	isUnderFeature	4
resumable-migration.mjs	6307	I	fn	rootRelativePath	23
resumable-migration.mjs	6331	I	fn	targetRelativePath	8
resumable-migration.mjs	6340	I	fn	legacyRelativePath	8
resumable-migration.mjs	6349	E	fn	artifactBindingFor	63
resumable-migration.mjs	6413	E	fn	validateArtifactDelegationRow	17
resumable-migration.mjs	6444	I	fn	validateCapabilityOwnership	175
resumable-migration.mjs	6626	I	fn	assertLegacyEvidenceAttributes	24
resumable-migration.mjs	6671	I	fn	validateAdoptedRow	122
resumable-migration.mjs	6794	I	fn	validateBaseline	297
resumable-migration.mjs	7096	I	fn	traceLists	13
resumable-migration.mjs	7110	I	fn	assertCoversPlanned	10
resumable-migration.mjs	7121	I	fn	validatePlan	119
resumable-migration.mjs	7252	I	fn	assertCapabilityPlan	78
resumable-migration.mjs	7331	I	fn	artifactOptions	8
resumable-migration.mjs	7340	E	fn	artifactPrerequisiteWork	68
resumable-migration.mjs	7409	E	fn	assertArtifactPrerequisites	7
resumable-migration.mjs	7417	E	fn	delegatedChangedFilesSatisfiedByChild	16
resumable-migration.mjs	7438	I	fn	governingReopen	11
resumable-migration.mjs	7455	I	fn	verifiedReopenRecord	46
resumable-migration.mjs	7511	I	fn	resolveReopenAnchor	35
resumable-migration.mjs	7553	I	fn	repoRelative	2
resumable-migration.mjs	7566	I	value	anchoredOwnershipCache	1
resumable-migration.mjs	7568	I	fn	anchoredReopenOwnership	15
resumable-migration.mjs	7584	I	fn	resolveAnchoredOwnership	50
resumable-migration.mjs	7635	I	fn	validateImplementedSlice	206
resumable-migration.mjs	7854	I	fn	resolveChangedFile	9
resumable-migration.mjs	7864	I	fn	implementationDigests	18
resumable-migration.mjs	7883	I	fn	validateUiRuntimeEvidence	471
resumable-migration.mjs	8375	E	value	REWORK_ROOT	1
resumable-migration.mjs	8382	E	value	MAX_SLICE_REWORKS	1
resumable-migration.mjs	8384	E	fn	reworkLimitBlocker	2
resumable-migration.mjs	8387	I	value	REWORK_PATH	1
resumable-migration.mjs	8390	E	fn	reworkPathParts	6
resumable-migration.mjs	8397	I	fn	reworkAttemptsOf	4
resumable-migration.mjs	8407	I	fn	preservedEvidencePath	13
resumable-migration.mjs	8430	I	fn	validateFailedSliceResult	37
resumable-migration.mjs	8468	I	fn	validateVerifiedSlice	64
resumable-migration.mjs	8538	E	fn	sliceLacksUiProofV1	25
resumable-migration.mjs	8564	I	fn	completedSlicesLackingUiProofV1	7
resumable-migration.mjs	8573	I	fn	withUiProofReopenHint	15
resumable-migration.mjs	8599	I	fn	assertPostAnchorEvidence	26
resumable-migration.mjs	8627	I	value	PONYTAIL_GATE_EVIDENCE	7
resumable-migration.mjs	8635	I	fn	assertIsoTimestamp	6
resumable-migration.mjs	8657	I	fn	assertEvidenceReference	25
resumable-migration.mjs	8683	I	fn	assertEvidenceEntry	79
resumable-migration.mjs	8766	I	fn	pinnedInputTimestamps	26
resumable-migration.mjs	8793	I	fn	validateGates	93
resumable-migration.mjs	8888	I	fn	assertBriefUnchanged	14
resumable-migration.mjs	8923	I	value	FIGMA_NODE_ID	1
resumable-migration.mjs	8924	I	value	FIGMA_SOURCE_KINDS	6
resumable-migration.mjs	8930	I	fn	figmaNodeKey	2
resumable-migration.mjs	8938	E	fn	figmaMetadataAncestry	19
resumable-migration.mjs	8959	E	value	VISUAL_UNBACKED_KIND	1
resumable-migration.mjs	8962	I	fn	visualContractDigest	13
resumable-migration.mjs	8983	I	fn	visualUnbackedCandidate	25
resumable-migration.mjs	9010	I	fn	backedRowFor	5
resumable-migration.mjs	9021	E	fn	pendingVisualUnbackedCandidates	39
resumable-migration.mjs	9061	E	fn	validateFigmaContext	255
resumable-migration.mjs	9317	I	fn	resolveStructuredFigmaFrame	69
resumable-migration.mjs	9398	I	fn	resolveFigmaFacts	117
resumable-migration.mjs	9528	E	fn	validateLegacyRuntimeContext	228
resumable-migration.mjs	9759	I	value	MAX_TOLERANCE_PX	1
resumable-migration.mjs	9760	I	value	MAX_TOLERANCE_RATIO	1
resumable-migration.mjs	9763	E	value	PROVISIONAL_VISUAL_DIFF_THRESHOLDS	4
resumable-migration.mjs	9768	I	fn	assertVisualCaptureBlock	32
resumable-migration.mjs	9802	E	fn	compareVisualEvidence	75
resumable-migration.mjs	9889	E	fn	validateVisualAcceptance	342
resumable-migration.mjs	10233	E	fn	compareVisualFact	39
resumable-migration.mjs	10279	I	fn	assertVisualAcceptance	66
resumable-migration.mjs	10346	I	fn	validateStep	89
resumable-migration.mjs	10452	I	fn	assertNoUnresolvedVerification	55
resumable-migration.mjs	10514	I	fn	assertNoNavigationRepairNeeded	28
resumable-migration.mjs	10547	I	fn	assertGatesCoverSliceScenarios	27
resumable-migration.mjs	10596	I	value	DRIFT_OWNERSHIP_STEPS	1
resumable-migration.mjs	10598	I	value	DRIFT_CLASSES	24
resumable-migration.mjs	10627	I	fn	plannedTargetOwners	8
resumable-migration.mjs	10641	I	fn	withinPlannedScope	3
resumable-migration.mjs	10651	I	fn	canonicalClaim	6
resumable-migration.mjs	10659	I	fn	claimedTargetPaths	15
resumable-migration.mjs	10681	I	value	UNDERIVABLE_OWNERSHIP_REASON	2
resumable-migration.mjs	10684	I	fn	classifyTargetDrift	205
resumable-migration.mjs	10903	E	value	SLICE_AMENDMENT_ROOT	1
resumable-migration.mjs	10906	I	value	ENGINE_SKILL_ROOT	4
resumable-migration.mjs	10911	I	value	TEST_LEVEL_SUFFIX	1
resumable-migration.mjs	10912	I	fn	withoutExtension	1
resumable-migration.mjs	10913	I	fn	targetRelative	2
resumable-migration.mjs	10916	I	fn	eventNamesSlice	3
resumable-migration.mjs	10925	I	fn	sliceAmendmentFor	239
resumable-migration.mjs	11173	I	fn	unlistedSliceFiles	25
resumable-migration.mjs	11204	E	fn	pendingTargetDriftCandidates	30
resumable-migration.mjs	11235	E	fn	unclaimedTargetDrift	4
resumable-migration.mjs	11247	I	fn	assertNoUnclaimedTargetDrift	22
resumable-migration.mjs	11281	I	fn	assertDiscoveryUnchanged	54
resumable-migration.mjs	11337	I	fn	targetFeatureDirectory	2
resumable-migration.mjs	11345	I	fn	brownfieldTargetBlocker	8
resumable-migration.mjs	11354	I	fn	readContext	72
resumable-migration.mjs	11427	E	value	readMigrationContext	1
resumable-migration.mjs	11429	E	fn	previewMigrationExecution	748
resumable-migration.mjs	12178	E	fn	assertExecutionConfirmation	16
resumable-migration.mjs	12216	I	value	SEQUENCE_AUTHORIZATION	1
resumable-migration.mjs	12218	E	fn	brandSequenceAuthorization	2
resumable-migration.mjs	12229	E	fn	sequenceAuthorizationEvidence	10
resumable-migration.mjs	12240	I	fn	readOptionalJson	4
resumable-migration.mjs	12245	E	fn	inspectSliceArtifacts	38
resumable-migration.mjs	12284	E	fn	reconcileSliceState	98
resumable-migration.mjs	12383	E	fn	repairSliceState	71
resumable-migration.mjs	12455	I	fn	removeEmptyParents	13
resumable-migration.mjs	12475	I	fn	assertBoundInputsUnchanged	34
resumable-migration.mjs	12510	I	fn	initJournalFor	6
resumable-migration.mjs	12517	I	fn	ownerMatches	4
resumable-migration.mjs	12522	I	fn	writeOwner	9
resumable-migration.mjs	12532	I	fn	sameFile	9
resumable-migration.mjs	12542	I	fn	cleanupInitialization	13
resumable-migration.mjs	12556	I	fn	rollbackInitialization	27
resumable-migration.mjs	12591	I	fn	recoverInitialization	20
resumable-migration.mjs	12612	I	fn	commitInitialization	136
resumable-migration.mjs	12749	E	fn	bootstrapMigration	104
resumable-migration.mjs	12868	I	fn	reopenDiscoveryUnderLock	70
resumable-migration.mjs	12951	I	fn	reworkSliceUnderLock	178
resumable-migration.mjs	13136	I	fn	amendSliceUnderLock	102
resumable-migration.mjs	13255	I	fn	visualContractAdoptionPlan	72
resumable-migration.mjs	13340	I	value	TOOLKIT_IDENTITY_SCRIPT	1
resumable-migration.mjs	13342	E	fn	toolkitAdoptCommand	2
resumable-migration.mjs	13354	E	fn	assertRecordToolkitIdentity	8
resumable-migration.mjs	13385	E	fn	autoAdoptToolkitIdentity	24
resumable-migration.mjs	13411	E	fn	renderToolkitAdoption	6
resumable-migration.mjs	13429	E	fn	assertToolkitIdentityNotMismatched	8
resumable-migration.mjs	13452	E	fn	changeModuleToolkitIdentity	92
resumable-migration.mjs	13545	I	fn	adoptVisualContractUnderLock	169
resumable-migration.mjs	13728	I	fn	uiObservationsAdoptionPlan	116
resumable-migration.mjs	13845	I	fn	combinedUiAdoptionPlan	16
resumable-migration.mjs	13863	E	fn	previewUiObservationsAdoption	10
resumable-migration.mjs	13881	E	fn	adoptUiObservations	280
resumable-migration.mjs	14175	E	value	FORMAT_UPGRADERS	80
resumable-migration.mjs	14267	E	value	DIRECT_LEDGER_PINNED_ARTIFACTS	4
resumable-migration.mjs	14272	E	fn	assertDirectLedgerEligible	20
resumable-migration.mjs	14298	E	fn	directLedgerAdoptionPreview	9
resumable-migration.mjs	14308	I	fn	directLedgerAdoptionDigest	2
resumable-migration.mjs	14317	I	fn	adoptDirectLedgerDecisions	85
resumable-migration.mjs	14420	E	fn	pendingFormatUpgrade	130
resumable-migration.mjs	14564	E	fn	commitNoOpFormatUpgrade	96
resumable-migration.mjs	14677	E	fn	assertNoPendingFormatUpgrade	16
resumable-migration.mjs	14704	E	fn	commitFormatUpgrade	51
resumable-migration.mjs	14758	I	fn	reopenUiEligible	4
resumable-migration.mjs	14763	I	fn	reopenUiIneligible	2
resumable-migration.mjs	14776	I	fn	reopenUiNotApplicable	9
resumable-migration.mjs	14786	I	fn	reopenUiUnderLock	230
resumable-migration.mjs	15050	I	fn	reopenCompletePlan	93
resumable-migration.mjs	15145	I	fn	reopenAttemptsOf	4
resumable-migration.mjs	15150	I	fn	reopenCompleteUnderLock	203
resumable-migration.mjs	15361	I	fn	bootstrapUnderLock	498
resumable-migration.mjs	15865	E	fn	previewDiscoveryScan	24
resumable-migration.mjs	15890	E	fn	getMigrationStatus	182
resumable-migration.mjs	16073	E	fn	validateResumableMigration	57
resumable-migration.mjs	16139	E	fn	previewAdvance	99
resumable-migration.mjs	16239	E	fn	renderAdvancePreview	8
resumable-migration.mjs	16269	E	value	CHECKPOINT_STATES	6
resumable-migration.mjs	16279	I	value	STOPPING_OUTCOMES	6
resumable-migration.mjs	16286	E	fn	migrationProgress	119
resumable-migration.mjs	16406	I	value	CHECKPOINT_MARKERS	6
resumable-migration.mjs	16422	E	fn	renderProgress	98
resumable-migration.mjs	16527	E	fn	renderProgressBlock	21
resumable-migration.mjs	16550	E	fn	renderProgressChecklist	10
resumable-migration.mjs	16567	I	fn	previewProgress	6
resumable-migration.mjs	16574	E	fn	advanceMigration	33
resumable-migration.mjs	16608	I	fn	advanceUnderLock	332
toolkit-identity.mjs	37	E	value	TOOLKIT_IDENTITY_KEYS	1
toolkit-identity.mjs	40	E	value	BUILD_IDENTITY_FILE	1
toolkit-identity.mjs	42	E	value	TOOLKIT_NAME	1
toolkit-identity.mjs	48	I	value	SEMVER	2
toolkit-identity.mjs	50	I	value	COMMIT_SHA	1
toolkit-identity.mjs	51	I	value	CONTENT_HASH	1
toolkit-identity.mjs	58	E	fn	validateToolkitIdentity	24
toolkit-identity.mjs	87	E	fn	toolkitIdentityKey	6
toolkit-identity.mjs	95	E	fn	sameToolkitIdentity	6
toolkit-identity.mjs	102	E	fn	digestToolkitIdentity	4
toolkit-identity.mjs	108	E	fn	renderToolkitIdentity	4
toolkit-identity.mjs	119	I	value	cached	1
toolkit-identity.mjs	120	E	fn	activeToolkitIdentity	22
toolkit-identity.mjs	144	E	fn	resetActiveToolkitIdentity	3
toolkit-identity.mjs	148	E	value	TOOLKIT_IDENTITY_EVENTS	4
toolkit-identity.mjs	163	E	fn	toolkitIdentityBlocker	26
toolkit-identity.mjs	190	I	fn	parseToolkitVersion	12
toolkit-identity.mjs	209	I	fn	isNewerToolkitVersion	8
toolkit-identity.mjs	240	E	fn	autoAdoptableToolkitTransition	7
toolkit-identity.mjs	249	E	fn	toolkitIdentityStatus	5
upgrades/upgrade-migration.mjs	51	I	value	contractPath	3
upgrades/upgrade-migration.mjs	55	E	value	TRANSACTION_STATES	7
upgrades/upgrade-migration.mjs	63	I	fn	sha256	1
upgrades/upgrade-migration.mjs	65	I	fn	upgradesRoot	2
upgrades/upgrade-migration.mjs	68	I	fn	moduleUpgradeRoot	2
upgrades/upgrade-migration.mjs	71	I	fn	lockPathFor	2
upgrades/upgrade-migration.mjs	74	I	fn	transactionRoot	2
upgrades/upgrade-migration.mjs	77	I	fn	exists	9
upgrades/upgrade-migration.mjs	87	I	fn	assertNoSymlink	9
upgrades/upgrade-migration.mjs	98	I	fn	readTree	14
upgrades/upgrade-migration.mjs	113	I	fn	manifestOf	7
upgrades/upgrade-migration.mjs	121	I	fn	writeTree	7
upgrades/upgrade-migration.mjs	129	I	fn	sameManifest	2
upgrades/upgrade-migration.mjs	132	I	fn	readJournal	1
upgrades/upgrade-migration.mjs	136	I	value	writeJournal	1
upgrades/upgrade-migration.mjs	139	E	reexport	export { pendingTransactions };	1
upgrades/upgrade-migration.mjs	145	E	fn	recoverTransaction	73
upgrades/upgrade-migration.mjs	219	I	fn	classify	10
upgrades/upgrade-migration.mjs	230	I	fn	resolveContext	25
upgrades/upgrade-migration.mjs	257	E	fn	previewUpgrade	158
upgrades/upgrade-migration.mjs	416	I	fn	confirmationIdFor	16
upgrades/upgrade-migration.mjs	433	E	fn	renderUpgradePreview	15
upgrades/upgrade-migration.mjs	453	I	fn	commitReplacement	35
upgrades/upgrade-migration.mjs	497	I	fn	acquireLock	2
upgrades/upgrade-migration.mjs	505	E	fn	executeUpgrade	141
upgrades/upgrade-migration.mjs	648	I	fn	restorableUpgrade	21
upgrades/upgrade-migration.mjs	671	E	fn	previewRollback	83
upgrades/upgrade-migration.mjs	755	E	fn	renderRollbackPreview	10
upgrades/upgrade-migration.mjs	766	E	fn	executeRollback	96
upgrades/upgrade-migration.mjs	863	E	fn	recoverUpgrade	26
upgrades/upgrade-migration.mjs	890	E	fn	parseUpgradeArguments	37
upgrades/upgrade-migration.mjs	928	E	fn	runUpgradeCli	66
upgrades/upgrade-migration.mjs	995	I	module-init	<module-init>	6
upgrades/upgrade-v4-to-v5.mjs	20	E	value	V5_CONTRACT_VERSION	1
upgrades/upgrade-v4-to-v5.mjs	21	E	value	V5_FORMAT_VERSION	1
upgrades/upgrade-v4-to-v5.mjs	22	E	value	V5_WORKFLOW_VERSION	1
upgrades/upgrade-v4-to-v5.mjs	24	E	value	SOURCE_CONTRACT_VERSION	1
upgrades/upgrade-v4-to-v5.mjs	25	E	value	SOURCE_FORMAT_VERSION	1
upgrades/upgrade-v4-to-v5.mjs	29	E	value	V5_STEPS	10
upgrades/upgrade-v4-to-v5.mjs	40	I	value	STEP_FILES	10
upgrades/upgrade-v4-to-v5.mjs	52	I	value	IMMUTABLE_STEP_ARTIFACTS	10
upgrades/upgrade-v4-to-v5.mjs	64	I	value	TRACE_MATRICES	6
upgrades/upgrade-v4-to-v5.mjs	71	I	value	STATE_FILE	1
upgrades/upgrade-v4-to-v5.mjs	72	I	value	GATES_FILE	1
upgrades/upgrade-v4-to-v5.mjs	73	I	value	HISTORY_FILE	1
upgrades/upgrade-v4-to-v5.mjs	74	I	value	SLICE_INDEX_FILE	1
upgrades/upgrade-v4-to-v5.mjs	75	I	value	BRIEF_FILE	1
upgrades/upgrade-v4-to-v5.mjs	79	I	value	INTEGRITY_FILE	1
upgrades/upgrade-v4-to-v5.mjs	81	I	fn	sha256	2
upgrades/upgrade-v4-to-v5.mjs	84	I	fn	renderJson	1
upgrades/upgrade-v4-to-v5.mjs	86	I	fn	digestArtifactHashes	10
upgrades/upgrade-v4-to-v5.mjs	97	I	fn	isPlainObject	2
upgrades/upgrade-v4-to-v5.mjs	100	I	class	Blocked	1
upgrades/upgrade-v4-to-v5.mjs	102	I	fn	block	3
upgrades/upgrade-v4-to-v5.mjs	106	I	fn	parseJson	10
upgrades/upgrade-v4-to-v5.mjs	118	I	fn	setMetadataLine	6
upgrades/upgrade-v4-to-v5.mjs	125	I	fn	validateSource	69
upgrades/upgrade-v4-to-v5.mjs	195	I	fn	traceOwners	15
upgrades/upgrade-v4-to-v5.mjs	215	I	fn	splitTraceIds	37
upgrades/upgrade-v4-to-v5.mjs	254	I	fn	withTraceFields	21
upgrades/upgrade-v4-to-v5.mjs	276	I	fn	ponytailGapFor	27
upgrades/upgrade-v4-to-v5.mjs	304	I	fn	nextActionFor	8
upgrades/upgrade-v4-to-v5.mjs	313	E	fn	validateV5State	68
upgrades/upgrade-v4-to-v5.mjs	392	E	fn	upgradeV4ToV5	221
visual-evidence.mjs	25	I	value	require	1
visual-evidence.mjs	27	E	fn	decodePng	8
visual-evidence.mjs	38	E	fn	resampleTo	36
visual-evidence.mjs	75	E	fn	perceptualDelta	21
visual-evidence.mjs	97	E	fn	structuralDelta	24
visual-evidence.mjs	123	E	value	HARDENED_VISUAL_VERSION	1
visual-evidence.mjs	133	E	value	FIXED_VISUAL_TOLERANCE	1
visual-evidence.mjs	150	E	value	REQUIRED_FACTS	19
visual-evidence.mjs	171	E	value	REQUIRED_FACT_KINDS	3
visual-evidence.mjs	176	E	value	REQUIRED_FACT_NAMES	3
visual-evidence.mjs	185	E	fn	missingRequiredGroups	6
visual-evidence.mjs	194	I	class	VisualValueError	1
visual-evidence.mjs	196	I	fn	refuse	5
visual-evidence.mjs	202	I	value	COLOR_FACTS	1
visual-evidence.mjs	203	I	value	LENGTH_FACTS	17
visual-evidence.mjs	221	E	value	GEOMETRY_FACTS	1
visual-evidence.mjs	223	I	value	FONT_WEIGHTS	1
visual-evidence.mjs	224	I	fn	hex2	1
visual-evidence.mjs	226	I	fn	normalizeColor	33
visual-evidence.mjs	260	I	fn	normalizeLength	17
visual-evidence.mjs	280	I	value	STROKE_SIDES	1
visual-evidence.mjs	281	I	value	STROKE_FIELDS	1
visual-evidence.mjs	282	I	value	SHADOW_FIELDS	1
visual-evidence.mjs	285	I	fn	strokeRecord	6
visual-evidence.mjs	292	I	fn	shadowRecord	2
visual-evidence.mjs	300	I	fn	collapseWidths	6
visual-evidence.mjs	307	I	fn	strokeLength	4
visual-evidence.mjs	312	I	fn	strokeStyle	6
visual-evidence.mjs	320	I	fn	strokeRecordFrom	18
visual-evidence.mjs	345	E	fn	strokeFromComputedStyle	43
visual-evidence.mjs	390	I	fn	splitTopLevel	16
visual-evidence.mjs	408	I	fn	parseBoxShadow	20
visual-evidence.mjs	429	I	fn	shadowComponentFrom	14
visual-evidence.mjs	450	E	fn	normalizeVisualValue	89
visual-evidence.mjs	542	I	value	XML_ENTITIES	1
visual-evidence.mjs	545	E	fn	xmlAttribute	5
visual-evidence.mjs	551	I	fn	escapeRegExp	1
visual-evidence.mjs	554	E	value	FIGMA_PROVENANCE_KINDS	5
visual-evidence.mjs	560	I	fn	dangling	3
visual-evidence.mjs	569	E	fn	resolveMetadataFact	11
visual-evidence.mjs	591	E	fn	resolveMetadataAssets	23
visual-evidence.mjs	620	E	fn	resolveVariableDefsFact	17
visual-evidence.mjs	648	E	fn	resolveDesignContextFact	27
visual-evidence.mjs	686	E	fn	assertProvenancePrecedence	22
visual-evidence.mjs	715	E	fn	variableValueSet	26
visual-evidence.mjs	744	I	fn	sha256	1
visual-evidence.mjs	747	E	fn	structuredDigest	6
visual-evidence.mjs	754	I	fn	readStructuredNode	21
visual-evidence.mjs	776	I	fn	freezeEvidence	8
visual-evidence.mjs	786	E	fn	captureStructuredNode	28
visual-evidence.mjs	816	E	fn	structuredEvidenceDigest	11
visual-evidence.mjs	829	I	fn	rgbaHex	10
visual-evidence.mjs	840	I	fn	paintColor	5
visual-evidence.mjs	846	I	fn	figmaFill	13
visual-evidence.mjs	865	E	fn	figmaStroke	30
visual-evidence.mjs	901	E	fn	figmaShadows	16
visual-evidence.mjs	919	E	fn	extractStructuredFacts	83
visual-evidence.mjs	1003	I	value	CONTAINER_TEXT_TYPES	1
visual-evidence.mjs	1006	E	fn	structuredAssetIdentity	21
visual-evidence.mjs	1028	E	value	STRUCTURED_PROVENANCE_RANKS	4
visual-evidence.mjs	1033	I	value	METADATA_PROPERTIES	1
visual-evidence.mjs	1034	I	value	LITERAL_PREFIXES	9
visual-evidence.mjs	1045	E	fn	extractNodeLiterals	19
visual-evidence.mjs	1065	I	fn	isCitedLiteral	11
visual-evidence.mjs	1078	E	fn	resolveVisualProvenance	40
visual-evidence.mjs	1119	I	value	STRUCTURAL_PROPERTIES	1
visual-evidence.mjs	1122	E	fn	deriveStructuredAuthority	86
visual-evidence.mjs	1210	E	fn	validateStructuredContract	41
visual-evidence.mjs	1258	I	fn	flattenStroke	4
visual-evidence.mjs	1263	I	fn	compareStrokeFact	20
visual-evidence.mjs	1284	E	fn	compareStructuredTarget	20
visual-evidence.mjs	1305	I	value	STRUCTURED_REQUIRED	10
visual-evidence.mjs	1316	E	fn	structuredCapabilityProfile	23
visual-evidence.mjs	1340	E	fn	assertStructuredCaptureScale	16
