artifact/artifact-migration.mjs	16	../core.mjs	assertSafeName,assertPonytailTarget,assertSecurePath,atomicWrite,createDecisionCandidate,decisionAppliesToCandidate,decisionLineDigest,decisionRationaleDigest,dirtyManifest,exitCodeFor,FINAL_GATES,gitRevision,MIGRATION_MODES,MIGRATION_OUTCOMES,MIGRATION_STEPS,migrationProgress,readRecordedDecisions,renderProgress,resolveDesignSource,runDiscoveryScan,structuralUnits,UI_RUNTIME_STATES
artifact/artifact-migration.mjs	40	../resumable-migration.mjs	compareVisualFact,compareVisualEvidence,createNewFormatDecisionCandidate,DECISION_GROUP_KIND,DECISIONS_FILE,AUTO_DECISIONS_FILE,pendingVisualUnbackedCandidates,projectModuleDecision,resolveHistoricalRequiredPrincipal,TARGET_VERIFICATION_ROLE,validateVisualAcceptance,visualAuthorityOf,VISUAL_ACCEPTANCE_FILE,VISUAL_ACCEPTANCE_FORMAT
artifact/artifact-migration.mjs	56	../visual-evidence.mjs	compareStructuredTarget,structuredCapabilityProfile
artifact/artifact-migration.mjs	57	../operator-approval.mjs	approveWithOperator,artifactApprover,recorderFor
artifact/artifact-migration.mjs	62	../format-upgrade.mjs	nextIncrement,upgradeProjection
artifact/artifact-migration.mjs	63	../record-decision.mjs	reviewFor
artifact/artifact-migration.mjs	67	../module-lock.mjs	withModuleLock
artifact/artifact-migration.mjs	68	../discovery-scan.mjs	parserResolutionError
artifact/artifact-migration.mjs	73	../engine-paths.mjs	engineCommand,quoteCommandToken
artifact/artifact-migration.mjs	74	../toolkit-identity.mjs	activeToolkitIdentity,sameToolkitIdentity,TOOLKIT_IDENTITY_EVENTS,toolkitIdentityBlocker,toolkitIdentityKey,toolkitIdentityStatus,validateToolkitIdentity
artifact/run-artifact.mjs	17	../engine-paths.mjs	isMainModule
artifact/run-artifact.mjs	19	../core.mjs	assertOptionCombination,exitCodeFor,MIGRATION_OUTCOMES,renderLoopDirective,renderProgressBlock,assertPonytailTarget
artifact/run-artifact.mjs	27	./artifact-migration.mjs	getArtifactStatus,runArtifact
cli/advance-migration.mjs	7	../engine-paths.mjs	isMainModule
cli/advance-migration.mjs	9	../migration-utils.mjs	resolveRegistryPath
cli/advance-migration.mjs	10	../migration-policy.mjs	assertOptionCombination,exitCodeFor,maySelfConfirm,nextOutcome
cli/advance-migration.mjs	16	../resumable-migration.mjs	advanceMigration,autoAdoptToolkitIdentity,DEFAULT_MODE,previewAdvance,renderAdvancePreview,renderLoopDirective,renderProgressChecklist,renderToolkitAdoption
cli/discover-module.mjs	7	../engine-paths.mjs	isMainModule
cli/discover-module.mjs	8	../migration-utils.mjs	resolveRegistryPath,runDoctor
cli/discover-module.mjs	9	../migration-policy.mjs	assertOptionCombination,exitCodeFor,maySelfConfirm,nextOutcome
cli/discover-module.mjs	15	../resumable-migration.mjs	adoptUiObservations,assertExecutionConfirmation,autoAdoptToolkitIdentity,bootstrapMigration,commitFormatUpgrade,getMigrationStatus,previewDiscoveryScan,previewUiObservationsAdoption,BLOCKED_EXIT_CODE,previewMigrationExecution,recoverMigrationRecord,renderLoopDirective,renderToolkitAdoption
cli/run-migration.mjs	24	../engine-paths.mjs	isMainModule
cli/run-migration.mjs	26	../core.mjs	assertOptionCombination,authoringRequest,DEFAULT_MODE,exitCodeFor,migrationProgress,MODULE_CLASSIFICATION_FILE,nextOutcome,pendingDecisionCandidates,previewAdvance,renderProgress,renderProgressBlock,renderLoopDirective,resolveRegistryPath,validateResumableMigration
cli/run-migration.mjs	42	./discover-module.mjs	normalizePonytailArgument,runDiscoverCli
cli/run-migration.mjs	46	./advance-migration.mjs	runAdvanceCli
cli/run-migration.mjs	47	../artifact/run-artifact.mjs	runArtifactCli
cli/run-migration.mjs	48	../operator-approval.mjs	approveWithOperator,moduleApprover,recorderFor
cli/run-migration.mjs	53	../record-decision.mjs	renderDecisionReview,reviewReference
cli/toolkit-identity.mjs	18	../engine-paths.mjs	isMainModule
cli/toolkit-identity.mjs	19	../migration-utils.mjs	resolveRegistryPath
cli/toolkit-identity.mjs	20	../resumable-migration.mjs	changeModuleToolkitIdentity,getMigrationStatus
cli/toolkit-identity.mjs	24	../toolkit-identity.mjs	activeToolkitIdentity,renderToolkitIdentity,toolkitIdentityStatus
cli/toolkit-identity.mjs	72	../artifact/artifact-migration.mjs	dynamic
cli/update-migration-registry.mjs	7	../engine-paths.mjs	isMainModule
cli/update-migration-registry.mjs	8	../migration-policy.mjs	maySelfConfirm,MIGRATION_MODES
cli/update-migration-registry.mjs	9	../migration-utils.mjs	previewRegistryUpdate,renderRegistryPreview,resolveRegistryPath,updateRegistry
cli/validate-migration.mjs	7	../engine-paths.mjs	isMainModule
cli/validate-migration.mjs	8	../migration-utils.mjs	resolveRegistryPath
cli/validate-migration.mjs	9	../migration-policy.mjs	assertOptionCombination
cli/validate-migration.mjs	10	../resumable-migration.mjs	validateResumableMigration
core.mjs	17	./migration-policy.mjs	assertOptionCombination,exitCodeFor,isAutoAuthority,maySelfConfirm,MIGRATION_MODES,MIGRATION_OUTCOMES,nextOutcome
core.mjs	28	./resumable-migration.mjs	ARTIFACT_DELEGATION_FORMAT,CAPABILITY_OWNERSHIP_FORMAT,DESIGN_SOURCE_FORMAT,DIRECT_LEDGER_DECISIONS_FORMAT,DISCOVERY_COMPLETENESS_FORMAT,FINAL_GATES,FORMAT_ACTIVE_FOR_NEW_MIGRATIONS,LEGACY_MIGRATION_STEPS,MIGRATION_FORMAT_SUPPORTED,MIGRATION_FORMAT_VERSION,MIGRATION_STEPS,MULTI_SOURCE_FORMAT,RESUMABLE_CONTRACT_VERSION,STEP_DEPENDENCIES,stepsFor,UPGRADABLE_CONTRACT_VERSION,UPGRADABLE_FORMAT_VERSION,usesCapabilityOwnership,usesArtifactDelegation,usesDesignSource,usesDiscoveryCompleteness,usesMultiSource,isBrownfield,UI_VERIFICATION_FORMAT,usesUiVerification,UI_RUNTIME_STATES,WORKFLOW_VERSION
core.mjs	59	./resumable-migration.mjs	assertDiscoveryCompletenessFormat,BLOCKED_EXIT_CODE,compatibilityBlocker,DEFAULT_MODE,renderLoopDirective,upgradeCommandFor
core.mjs	69	./resumable-migration.mjs	BASELINE_ROWS_PIN,AUTO_DECISIONS_FILE,CAPABILITY_OWNERSHIP_FILE,DECISIONS_FILE,DISCOVERY_PIN,DISCOVERY_SCAN_FILE,migrationRoot,MODULE_CLASSIFICATION_FILE,TARGET_BASELINE_FILE,TARGET_DIRTY_SCOPE,UI_REMEDIATION_FILE
core.mjs	88	./resumable-migration.mjs	CHECKPOINT_STATES,migrationProgress
core.mjs	94	./resumable-migration.mjs	activeArtifact,authoringRequest,checkpointAction,checkpointArtifacts,expectedNextCheckpoint,getMigrationStatus,readMigrationContext,readState
core.mjs	107	./resumable-migration.mjs	advanceMigration,adoptUiObservations,artifactBindingFor,artifactPrerequisiteWork,assertArtifactPrerequisites,delegatedChangedFilesSatisfiedByChild,validateArtifactDelegationRow,assertExecutionConfirmation,bootstrapMigration,bootstrapMigration,previewAdvance,previewDiscoveryScan,previewMigrationExecution,previewUiObservationsAdoption,renderAdvancePreview,renderProgress,renderProgressBlock,renderProgressChecklist,validateResumableMigration
core.mjs	132	./resumable-migration.mjs	assertNoPendingFormatUpgrade,commitFormatUpgrade,commitNoOpFormatUpgrade,FORMAT_UPGRADE_FLOOR,FORMAT_UPGRADERS,isUiObservationsAdoption,pendingFormatUpgrade
core.mjs	143	./resumable-migration.mjs	inspectSliceArtifacts,reconcileSliceState
core.mjs	149	./resumable-migration.mjs	createDecisionCandidate,decisionAppliesToCandidate,decisionGroupFor,decisionLineDigest,decisionRationaleDigest,edgeDecisionSubject,decisionChannelOf,rawDecisionLedgerDigest,readAutoDecisions,readOperatorDecisions,readRecordedDecisions
core.mjs	162	./resumable-migration.mjs	LATE_DECISION_KINDS
core.mjs	167	./record-decision.mjs	pendingDecisionCandidates
core.mjs	173	./record-decision.mjs	projectDecisions
core.mjs	174	./resumable-migration.mjs	DECISION_PROJECTION_STATES,projectModuleDecision
core.mjs	183	./operation-sequence.mjs	AMEND_SLICE,authorizeOperationSequence,challengeForOperationSequence,deriveOperationSequence,operationSequenceRunner,OPERATION_SEQUENCE_KIND,renderOperationSequence
core.mjs	192	./resumable-migration.mjs	lifecycleBinding,sequenceAuthorizationEvidence
core.mjs	198	./resumable-migration.mjs	legacySourceBinding,readCanonicalModuleBoundary,renderTargetBaseline,sourceOfEvidence,validateDiscoveryCompleteness
core.mjs	205	./discovery-scan.mjs	parserResolutionError,runDiscoveryScan,structuralUnits
core.mjs	212	./resumable-migration.mjs	loadOpenSpecAuthority,validateOpenSpecProposal
core.mjs	220	./migration-utils.mjs	assertFigmaSource,assertNoPendingTransaction,assertProjectRootContainment,assertSafeName,assertPonytailTarget,assertSecurePath,atomicWrite,committedChangesSince,DESIGN_SOURCES,dirtyManifest,gitRevision,PONYTAIL_TARGETS,resolveDesignSource,resolveLegacySources,pendingTransactions,persistProjectRegistryBinding,previewProjectRegistryBinding,previewRegistryUpdate,readRegistry,registryIdentity,renderRegistryPreview,resolveModule,resolveRegistryPath,updateRegistry
core.mjs	250	./migration-utils.mjs	CONTENT_IDENTITY_BYTES,CONTENT_IDENTITY_TEXT,contentIdentity,contentIdentityMatches,fileContentIdentity,fileContentIdentityMatches,isContentIdentity,isTextIdentityEligible,parseContentIdentity
core.mjs	263	./module-lock.mjs	lockPathFor,withModuleLock
core.mjs	269	./toolkit-identity.mjs	activeToolkitIdentity,autoAdoptableToolkitTransition,BUILD_IDENTITY_FILE,digestToolkitIdentity,renderToolkitIdentity,sameToolkitIdentity,TOOLKIT_IDENTITY_EVENTS,TOOLKIT_IDENTITY_KEYS,TOOLKIT_NAME,toolkitIdentityBlocker,toolkitIdentityKey,toolkitIdentityStatus,validateToolkitIdentity
core.mjs	284	./resumable-migration.mjs	assertRecordToolkitIdentity,assertToolkitIdentityNotMismatched,autoAdoptToolkitIdentity,changeModuleToolkitIdentity,toolkitAdoptCommand
core.mjs	294	./engine-paths.mjs	engineArgv,engineCommand,engineScriptsRoot,engineSkillRoot,quoteCommandToken,skillRootFor
discovery-scan.mjs	45	./engine-paths.mjs	engineSkillRoot
mcp-server.mjs	41	./engine-paths.mjs	isMainModule
mcp-server.mjs	43	./core.mjs	DESIGN_SOURCES,engineCommand,exitCodeFor,getMigrationStatus,MIGRATION_MODES,pendingDecisionCandidates,PONYTAIL_TARGETS,previewDiscoveryScan,renderLoopDirective,renderProgressBlock,resolveRegistryPath,upgradeCommandFor,WORKFLOW_VERSION
mcp-server.mjs	58	./record-decision.mjs	relayOperatorDecision,runRecordDecisionCli
mcp-server.mjs	59	./cli/run-migration.mjs	runMigration
mcp-server.mjs	60	./artifact/artifact-migration.mjs	getArtifactStatus,runArtifact
mcp-server.mjs	61	./artifact/run-artifact.mjs	artifactDirective
migration-policy.mjs	14	./resumable-migration.mjs	BLOCKED_EXIT_CODE,isAutoAuthority,MIGRATION_STEPS
migration-policy.mjs	20	./migration-utils.mjs	DESIGN_SOURCES
migration-utils.mjs	18	./engine-paths.mjs	engineCommand,engineScriptsRoot,engineSkillRoot
migration-utils.mjs	23	./module-lock.mjs	withModuleLock,writeJournalAtomic
migration-utils.mjs	1433	./discovery-scan.mjs	dynamic
operation-sequence.mjs	52	./resumable-migration.mjs	assertExecutionConfirmation,bootstrapMigration,brandSequenceAuthorization,decisionRationaleDigest,isAutoAuthority,lifecycleBinding,previewMigrationExecution,readState,sequenceAuthorizationEvidence
operator-approval.mjs	1	./resumable-migration.mjs	decisionLineDigest,isAutoAuthority
operator-approval.mjs	5	./record-decision.mjs	autoApprovalChannel,renderDecisionReview,runRecordDecisionCli
operator-signer-service.mjs	16	./engine-paths.mjs	isMainModule
operator-signer-service.mjs	17	./operator-signer.mjs	createOperatorSigner,openSignerStore,readRootOwnedJson,readSignerActivation,startReviewCompanion
operator-signer-service.mjs	24	./record-decision.mjs	beginAttestedDecision,completeAttestedDecision,renderDecisionReview,reviewAttestedCandidate
operator-signer-service.mjs	30	./toolkit-identity.mjs	activeToolkitIdentity
operator-signer.mjs	18	./operator-webauthn.mjs	ASSERTION_PROTOCOL,BINDING_KEYS,MAX_CHALLENGE_LIFETIME_MS,assertionChallenge,assertionPayload,base64url,groupMembersDigestOf,parseAssertionPayload,proofFromResponse,sha256Digest,verifyAssertionProof,verifyEnrollment
operator-signer.mjs	32	./resumable-migration.mjs	DECISION_GROUP_KIND,decisionLineDigest
record-decision.mjs	56	./migration-utils.mjs	assertSafeName,assertSecurePath,resolveRegistryPath
record-decision.mjs	61	./engine-paths.mjs	engineCommand,isMainModule
record-decision.mjs	65	./module-lock.mjs	withModuleLock
record-decision.mjs	66	./toolkit-identity.mjs	activeToolkitIdentity
record-decision.mjs	67	./resumable-migration.mjs	assertDiscoveryCompletenessFormat,assertNoPendingFormatUpgrade,assertRecordToolkitIdentity,attestationVerifierScope,attestedLineProblem,AUTO_DECISIONS_FILE,BLOCKED_EXIT_CODE,candidateDigestOf,createDecisionCandidate,createNewFormatDecisionCandidate,createNewFormatDecisionGroup,DECISION_GROUP_KIND,DECISIONS_FILE,decisionAppliesToCandidate,decisionChannelOf,decisionGroupFor,decisionLineDigest,decisionLineProblem,decisionKindAllowed,decisionRationaleDigest,edgeDecisionSubject,LATE_DECISION_KINDS,LEGACY_COMPATIBILITY_ACTION_REQUIRED,legacySourceBinding,legacySourcesOf,lifecycleBinding,MODULE_CLASSIFICATION_FILE,pendingTargetDriftCandidates,pendingVisualUnbackedCandidates,previewDiscoveryScan,projectModuleDecision,readAutoDecisions,readMigrationContext,readOperatorDecisions,readRecordedDecisions,readState,usesDirectLedgerDecisions
record-decision.mjs	1325	./operator-webauthn.mjs	dynamic
record-decision.mjs	1511	./artifact/artifact-migration.mjs	dynamic
resumable-migration.mjs	22	./discovery-scan.mjs	CENSUS_ALGORITHM_VERSION,DiscoveryScannerVersionError,SUPPORTED_ALGORITHM_VERSIONS
resumable-migration.mjs	27	./engine-paths.mjs	engineCommand
resumable-migration.mjs	29	./migration-utils.mjs	assertNoPendingTransaction,assertPonytailTarget,assertSafeName,assertSecurePath,atomicWrite,commitsIntroducingBlob,commitsTouchingSince,committedChangesSince,contentIdentity,contentIdentityMatches,DESIGN_SOURCES,dirtyManifest,fileAtRevision,gitRevision,headRevision,isAncestorCommit,isContentIdentity,pendingTransactions,persistProjectRegistryBinding,previewProjectRegistryBinding,readRegistry,registryIdentity,resolveDesignSource,resolveLegacySources,resolveModule
resumable-migration.mjs	56	./module-lock.mjs	withModuleLock,writeJournalAtomic
resumable-migration.mjs	57	./format-upgrade.mjs	classifyUpgrade,nextIncrement,upgradeIsActive,upgradeProjection
resumable-migration.mjs	63	./visual-evidence.mjs	FIGMA_PROVENANCE_KINDS,FIXED_VISUAL_TOLERANCE,HARDENED_VISUAL_VERSION,decodePng,perceptualDelta,structuralDelta,REQUIRED_FACT_KINDS,REQUIRED_FACT_NAMES,assertProvenancePrecedence,assertStructuredCaptureScale,captureStructuredNode,compareStructuredTarget,deriveStructuredAuthority,extractNodeLiterals,missingRequiredGroups,normalizeVisualValue,resolveDesignContextFact,resolveMetadataAssets,resolveMetadataFact,structuredAssetIdentity,structuredDigest,structuredCapabilityProfile,validateStructuredContract,resolveVariableDefsFact,variableValueSet,xmlAttribute
resumable-migration.mjs	91	./toolkit-identity.mjs	activeToolkitIdentity,autoAdoptableToolkitTransition,digestToolkitIdentity,renderToolkitIdentity,sameToolkitIdentity,TOOLKIT_IDENTITY_EVENTS,toolkitIdentityBlocker,toolkitIdentityKey,toolkitIdentityStatus,validateToolkitIdentity
resumable-migration.mjs	108	./artifact/artifact-migration.mjs	dynamic
resumable-migration.mjs	5486	./discovery-scan.mjs	dynamic
resumable-migration.mjs	5696	./discovery-scan.mjs	dynamic
resumable-migration.mjs	11295	./discovery-scan.mjs	dynamic
resumable-migration.mjs	15989	./record-decision.mjs	dynamic
toolkit-identity.mjs	34	./engine-paths.mjs	engineSkillRoot
upgrades/upgrade-migration.mjs	26	../engine-paths.mjs	isMainModule
upgrades/upgrade-migration.mjs	28	../module-lock.mjs	acquireModuleLock
upgrades/upgrade-migration.mjs	29	../module-lock.mjs	writeJournalAtomic
upgrades/upgrade-migration.mjs	30	../migration-utils.mjs	assertSafeName,gitRevision,pendingTransactions,readRegistry,resolveRegistryPath,resolveModule
upgrades/upgrade-migration.mjs	38	../resumable-migration.mjs	assertToolkitIdentityNotMismatched,loadOpenSpecAuthority,migrationRoot,reconcileSliceState
upgrades/upgrade-migration.mjs	44	./upgrade-v4-to-v5.mjs	upgradeV4ToV5,V5_CONTRACT_VERSION,V5_FORMAT_VERSION,V5_WORKFLOW_VERSION
upgrades/upgrade-v4-to-v5.mjs	15	../migration-utils.mjs	contentIdentityMatches,isContentIdentity
