artifact/artifact-migration.mjs	87	I	loadStructuralParser	census	7	fn
artifact/artifact-migration.mjs	98	I	COMPLETENESS_DISPOSITIONS	census	11	value
artifact/artifact-migration.mjs	115	I	PRESERVED_DISPOSITIONS	lifecycle	6	value
artifact/artifact-migration.mjs	124	I	EXTERNAL_ELEMENT	census	1	value
artifact/artifact-migration.mjs	126	E	ARTIFACT_CONTRACT_VERSION	formats	1	value
artifact/artifact-migration.mjs	127	E	ARTIFACT_FORMAT_VERSION	formats	1	value
artifact/artifact-migration.mjs	128	E	ARTIFACT_FORMAT_SUPPORTED	formats	1	value
artifact/artifact-migration.mjs	129	E	ARTIFACT_FORMAT_ACTIVE_FOR_NEW_MIGRATIONS	formats	1	value
artifact/artifact-migration.mjs	130	E	ARTIFACT_WORKFLOW_VERSION	formats	1	value
artifact/artifact-migration.mjs	131	E	ARTIFACT_RESOLUTIONS	formats	5	value
artifact/artifact-migration.mjs	145	E	ARTIFACT_FORMAT_UPGRADE_FLOOR	formats	1	value
artifact/artifact-migration.mjs	146	E	ARTIFACT_FORMAT_UPGRADERS	lifecycle	11	value
artifact/artifact-migration.mjs	162	E	artifactFormatUpgrade	formats	30	fn
artifact/artifact-migration.mjs	200	I	artifactFormatAdmissible	formats	20	fn
artifact/artifact-migration.mjs	223	I	CODE_FILE_EXTENSIONS	census	1	value
artifact/artifact-migration.mjs	224	I	JS_FILE_EXTENSIONS	slices	1	value
artifact/artifact-migration.mjs	225	I	execFileAsync	slices	1	value
artifact/artifact-migration.mjs	226	I	hasExecutableCodeFiles	census	2	fn
artifact/artifact-migration.mjs	229	I	commandFile	census	5	fn
artifact/artifact-migration.mjs	240	I	TARGET_COMPILER_SPECIFIERS	census	4	value
artifact/artifact-migration.mjs	247	I	resolveCompilerBinary	census	19	fn
artifact/artifact-migration.mjs	267	I	targetTypeScript	census	29	fn
artifact/artifact-migration.mjs	303	I	engineFault	lifecycle	4	fn
artifact/artifact-migration.mjs	312	I	metrics	census	7	value
artifact/artifact-migration.mjs	320	I	startMetrics	lifecycle	8	fn
artifact/artifact-migration.mjs	329	E	artifactMetrics	lifecycle	10	fn
artifact/artifact-migration.mjs	340	I	asEngineFault	lifecycle	7	fn
artifact/artifact-migration.mjs	348	I	structuralParser	census	4	fn
artifact/artifact-migration.mjs	355	I	STRUCTURAL_SCRIPT_EXTENSIONS	census	10	value
artifact/artifact-migration.mjs	369	I	targetProject	census	19	fn
artifact/artifact-migration.mjs	394	I	moduleSpecifiersIn	census	36	fn
artifact/artifact-migration.mjs	438	I	targetCodeFiles	census	24	fn
artifact/artifact-migration.mjs	473	E	legacyDependencies	census	113	fn
artifact/artifact-migration.mjs	591	I	TEST_UNDER_SRC	census	1	value
artifact/artifact-migration.mjs	592	I	FEATURE_FILE	formats	1	value
artifact/artifact-migration.mjs	593	I	FEATURE_INDEX	census	1	value
artifact/artifact-migration.mjs	594	I	QUERY_KEYS_FILE	formats	1	value
artifact/artifact-migration.mjs	595	I	UI_TEXT_PROPS	census	1	value
artifact/artifact-migration.mjs	600	I	hardcodedUiText	census	31	fn
artifact/artifact-migration.mjs	632	E	architectureFindings	census	91	fn
artifact/artifact-migration.mjs	731	I	EXECUTION_CAPABILITY	lifecycle	1	value
artifact/artifact-migration.mjs	732	I	READ_ONLY_CAPABILITY	lifecycle	1	value
artifact/artifact-migration.mjs	734	I	assertMayExecute	slices	7	fn
artifact/artifact-migration.mjs	742	I	execute	slices	27	fn
artifact/artifact-migration.mjs	770	I	pathKey	slices	1	fn
artifact/artifact-migration.mjs	772	I	executeTypeScriptValidation	slices	47	fn
artifact/artifact-migration.mjs	820	I	executeNodeCheckValidation	slices	16	fn
artifact/artifact-migration.mjs	837	I	executeValidator	slices	4	fn
artifact/artifact-migration.mjs	842	I	hasCodeValidationCheck	slices	18	fn
artifact/artifact-migration.mjs	865	I	targetManifest	slices	7	fn
artifact/artifact-migration.mjs	873	I	MANIFEST_DEPENDENCY_FIELDS	slices	6	value
artifact/artifact-migration.mjs	886	I	assertTargetProvides	slices	17	fn
artifact/artifact-migration.mjs	907	I	PACKAGE_MANAGERS	slices	1	value
artifact/artifact-migration.mjs	908	I	SCRIPT_NAME	slices	1	value
artifact/artifact-migration.mjs	910	I	packageScriptOf	slices	10	fn
artifact/artifact-migration.mjs	921	I	executeGenericCheck	slices	20	fn
artifact/artifact-migration.mjs	942	I	STATE_ROOT	store	1	value
artifact/artifact-migration.mjs	943	I	STATE_FILE	formats	1	value
artifact/artifact-migration.mjs	944	I	INTEGRITY_FILE	formats	1	value
artifact/artifact-migration.mjs	945	I	HISTORY_FILE	formats	1	value
artifact/artifact-migration.mjs	946	I	TRANSACTION_FILE	formats	1	value
artifact/artifact-migration.mjs	952	I	TRANSACTION_VERSION	lifecycle	1	value
artifact/artifact-migration.mjs	953	I	PROVIDER_PATHS	census	17	value
artifact/artifact-migration.mjs	970	I	KNOWN_STATE_KEYS	formats	25	value
artifact/artifact-migration.mjs	1001	I	OPTIONAL_STATE_KEYS	formats	6	value
artifact/artifact-migration.mjs	1007	I	RESOLUTION_KIND	slices	5	value
artifact/artifact-migration.mjs	1013	I	portable	unassigned:leaf	1	fn
artifact/artifact-migration.mjs	1014	I	sha256	unassigned:leaf	1	fn
artifact/artifact-migration.mjs	1015	I	fileHash	store	1	fn
artifact/artifact-migration.mjs	1016	I	secureHash	store	6	fn
artifact/artifact-migration.mjs	1022	I	canonical	unassigned:leaf	12	fn
artifact/artifact-migration.mjs	1034	I	jsonBytes	unassigned:leaf	1	fn
artifact/artifact-migration.mjs	1035	I	samePath	unassigned:leaf	7	fn
artifact/artifact-migration.mjs	1042	E	artifactArgumentsFor	transport	24	fn
artifact/artifact-migration.mjs	1067	E	artifactCommandFor	transport	4	fn
artifact/artifact-migration.mjs	1071	I	isWithin	unassigned:leaf	7	fn
artifact/artifact-migration.mjs	1078	I	exists	unassigned:leaf	8	fn
artifact/artifact-migration.mjs	1087	I	plainObject	unassigned:leaf	6	fn
artifact/artifact-migration.mjs	1094	I	exactObject	unassigned:leaf	13	fn
artifact/artifact-migration.mjs	1108	I	arrayOf	unassigned:leaf	4	fn
artifact/artifact-migration.mjs	1112	I	nonEmpty	unassigned:leaf	6	fn
artifact/artifact-migration.mjs	1118	I	boolean	unassigned:leaf	4	fn
artifact/artifact-migration.mjs	1122	I	versionOne	unassigned:leaf	3	fn
artifact/artifact-migration.mjs	1125	I	unique	unassigned:leaf	8	fn
artifact/artifact-migration.mjs	1133	I	sameMembers	unassigned:leaf	7	fn
artifact/artifact-migration.mjs	1141	I	normalizeRelative	unassigned:leaf	11	fn
artifact/artifact-migration.mjs	1153	I	bindingInput	census	9	fn
artifact/artifact-migration.mjs	1163	I	sourcePathForId	census	8	fn
artifact/artifact-migration.mjs	1172	E	artifactIdFor	census	16	fn
artifact/artifact-migration.mjs	1189	E	artifactRoot	store	6	fn
artifact/artifact-migration.mjs	1200	E	artifactDecisionBoundTo	decisions	7	fn
artifact/artifact-migration.mjs	1208	E	artifactDecisionCandidate	decisions	9	fn
artifact/artifact-migration.mjs	1218	I	artifactCandidateEvidence	decisions	14	fn
artifact/artifact-migration.mjs	1233	I	assertDirectory	census	9	fn
artifact/artifact-migration.mjs	1243	I	isExcluded	census	6	fn
artifact/artifact-migration.mjs	1250	I	scopedManifest	census	36	fn
artifact/artifact-migration.mjs	1287	I	captureBinding	census	16	fn
artifact/artifact-migration.mjs	1304	I	sourcePathAtRoot	census	6	fn
artifact/artifact-migration.mjs	1311	I	targetPathsFor	census	2	fn
artifact/artifact-migration.mjs	1314	E	resolveArtifact	census	54	fn
artifact/artifact-migration.mjs	1369	I	validateBinding	formats	18	fn
artifact/artifact-migration.mjs	1388	I	validateState	formats	65	fn
artifact/artifact-migration.mjs	1454	I	semanticEvidence	store	4	fn
artifact/artifact-migration.mjs	1459	E	artifactEvidenceDigest	store	2	fn
artifact/artifact-migration.mjs	1462	I	immutableProjection	store	27	fn
artifact/artifact-migration.mjs	1490	I	pinDigest	store	15	fn
artifact/artifact-migration.mjs	1506	I	HISTORY_EVENT_KEYS	store	1	value
artifact/artifact-migration.mjs	1517	I	historyEventExtraKeys	store	10	fn
artifact/artifact-migration.mjs	1528	I	readHistory	store	25	fn
artifact/artifact-migration.mjs	1564	I	replayToolkitIdentity	formats	33	fn
artifact/artifact-migration.mjs	1598	I	integrityFor	store	8	fn
artifact/artifact-migration.mjs	1607	I	ledgerPrefixesFor	store	9	fn
artifact/artifact-migration.mjs	1618	I	projectArtifactDecision	decisions	3	fn
artifact/artifact-migration.mjs	1622	I	consumedFrom	decisions	9	fn
artifact/artifact-migration.mjs	1632	I	verifyConsumedHistory	decisions	89	fn
artifact/artifact-migration.mjs	1722	I	revalidatePins	store	5	fn
artifact/artifact-migration.mjs	1728	I	validateIntegrity	store	14	fn
artifact/artifact-migration.mjs	1748	I	historyPrefixContent	store	5	fn
artifact/artifact-migration.mjs	1754	E	readArtifactState	store	17	fn
artifact/artifact-migration.mjs	1772	I	eventFor	lifecycle	21	fn
artifact/artifact-migration.mjs	1794	I	consumedAtCheckpoint	lifecycle	7	fn
artifact/artifact-migration.mjs	1806	I	initialArtifactState	lifecycle	32	fn
artifact/artifact-migration.mjs	1839	I	bootstrapEventInput	lifecycle	7	fn
artifact/artifact-migration.mjs	1847	I	EMPTY_HISTORY	lifecycle	1	value
artifact/artifact-migration.mjs	1849	I	pristineFormatUpgrade	lifecycle	51	fn
artifact/artifact-migration.mjs	1905	I	validateTransactionInput	lifecycle	58	fn
artifact/artifact-migration.mjs	1972	I	assertTransactionReplayable	lifecycle	50	fn
artifact/artifact-migration.mjs	2023	I	jsonBytesEqual	unassigned:leaf	1	fn
artifact/artifact-migration.mjs	2032	I	assertKnownRecoveryPhase	lifecycle	41	fn
artifact/artifact-migration.mjs	2078	I	proveBootstrapTransaction	lifecycle	39	fn
artifact/artifact-migration.mjs	2118	I	proveFormatUpgradeTransaction	lifecycle	23	fn
artifact/artifact-migration.mjs	2147	I	proveAdvanceTransaction	lifecycle	60	fn
artifact/artifact-migration.mjs	2216	I	reconstructLegacyTransaction	lifecycle	54	fn
artifact/artifact-migration.mjs	2280	I	proveToolkitIdentityTransaction	lifecycle	35	fn
artifact/artifact-migration.mjs	2316	I	finishTransaction	lifecycle	22	fn
artifact/artifact-migration.mjs	2345	I	writeTransaction	store	4	fn
artifact/artifact-migration.mjs	2355	I	assertTransactionBoundToRecord	lifecycle	12	fn
artifact/artifact-migration.mjs	2368	I	recoverTransaction	lifecycle	25	fn
artifact/artifact-migration.mjs	2397	I	buildAdvanceTransaction	lifecycle	28	fn
artifact/artifact-migration.mjs	2426	I	stateFileExists	store	1	fn
artifact/artifact-migration.mjs	2428	E	previewArtifact	lifecycle	46	fn
artifact/artifact-migration.mjs	2475	I	createArtifactRecord	lifecycle	30	fn
artifact/artifact-migration.mjs	2506	E	bootstrapArtifact	lifecycle	8	fn
artifact/artifact-migration.mjs	2515	E	previewArtifactFormatUpgrade	lifecycle	25	fn
artifact/artifact-migration.mjs	2541	E	upgradeArtifactFormat	lifecycle	28	fn
artifact/artifact-migration.mjs	2570	I	readJsonAt	store	10	fn
artifact/artifact-migration.mjs	2581	I	validateEvidenceFile	census	11	fn
artifact/artifact-migration.mjs	2593	I	validateSourceEvidenceFile	census	13	fn
artifact/artifact-migration.mjs	2607	I	validateSourceInventory	census	130	fn
artifact/artifact-migration.mjs	2742	I	dispositionValidator	census	33	fn
artifact/artifact-migration.mjs	2778	I	packageNameOf	census	4	fn
artifact/artifact-migration.mjs	2789	I	validateExternalRequirements	census	24	fn
artifact/artifact-migration.mjs	2818	I	SCANNER_REQUIREMENT_KEYS	census	7	value
artifact/artifact-migration.mjs	2835	I	sourceRequirements	census	24	fn
artifact/artifact-migration.mjs	2860	I	validateCompleteness	census	105	fn
artifact/artifact-migration.mjs	2966	I	validateTargetInventory	census	118	fn
artifact/artifact-migration.mjs	3086	I	strictVisualState	visual	9	fn
artifact/artifact-migration.mjs	3097	I	artifactVisualAuthority	visual	2	fn
artifact/artifact-migration.mjs	3105	I	artifactUiInventory	visual	9	fn
artifact/artifact-migration.mjs	3115	I	artifactVisualAcceptance	visual	17	fn
artifact/artifact-migration.mjs	3133	I	artifactVisualDecisions	decisions	77	fn
artifact/artifact-migration.mjs	3211	I	validateBaseline	lifecycle	138	fn
artifact/artifact-migration.mjs	3350	I	validatePlan	slices	28	fn
artifact/artifact-migration.mjs	3379	I	validateImplementation	slices	93	fn
artifact/artifact-migration.mjs	3473	I	validateBoundTo	slices	24	fn
artifact/artifact-migration.mjs	3498	I	validateArtifactVisualEvidence	visual	82	fn
artifact/artifact-migration.mjs	3581	I	validateVerification	slices	112	fn
artifact/artifact-migration.mjs	3698	I	validateGateEvidence	lifecycle	14	fn
artifact/artifact-migration.mjs	3713	I	ponytailTime	lifecycle	7	fn
artifact/artifact-migration.mjs	3721	I	validatePonytailEvidence	lifecycle	10	fn
artifact/artifact-migration.mjs	3733	I	migrationChangedFiles	slices	10	fn
artifact/artifact-migration.mjs	3744	I	validateFinal	lifecycle	147	fn
artifact/artifact-migration.mjs	3892	E	checkpointArtifacts	lifecycle	25	fn
artifact/artifact-migration.mjs	3923	I	validateCheckpoint	lifecycle	7	fn
artifact/artifact-migration.mjs	3931	E	reconcileArtifactDecisions	decisions	69	fn
artifact/artifact-migration.mjs	4001	I	runCheckpointValidation	lifecycle	96	fn
artifact/artifact-migration.mjs	4098	I	diffEntries	slices	7	fn
artifact/artifact-migration.mjs	4106	I	implementationCoversDrift	slices	9	fn
artifact/artifact-migration.mjs	4116	I	freshness	lifecycle	16	fn
artifact/artifact-migration.mjs	4133	E	progressState	lifecycle	22	fn
artifact/artifact-migration.mjs	4156	I	requestFor	lifecycle	7	fn
artifact/artifact-migration.mjs	4164	I	outcomeResult	lifecycle	20	fn
artifact/artifact-migration.mjs	4185	I	blockedArtifactResult	lifecycle	7	fn
artifact/artifact-migration.mjs	4193	I	locate	lifecycle	5	fn
artifact/artifact-migration.mjs	4199	I	assertInvocationMatches	lifecycle	39	fn
artifact/artifact-migration.mjs	4242	E	getArtifactStatus	lifecycle	5	fn
artifact/artifact-migration.mjs	4248	I	readArtifactStatus	lifecycle	125	fn
artifact/artifact-migration.mjs	4374	I	pinsFor	lifecycle	25	fn
artifact/artifact-migration.mjs	4400	I	pathsAfterCheckpoint	lifecycle	14	fn
artifact/artifact-migration.mjs	4415	I	nextState	lifecycle	55	fn
artifact/artifact-migration.mjs	4471	I	previewAdvance	lifecycle	68	fn
artifact/artifact-migration.mjs	4540	I	runArtifactIteration	lifecycle	126	fn
artifact/artifact-migration.mjs	4673	I	CHECKPOINT_DECISION_PASSES	lifecycle	1	value
artifact/artifact-migration.mjs	4675	E	runArtifact	lifecycle	31	fn
artifact/artifact-migration.mjs	4712	I	artifactIdentityCommand	transport	7	fn
artifact/artifact-migration.mjs	4720	E	assertArtifactToolkitIdentity	formats	8	fn
artifact/artifact-migration.mjs	4738	E	changeArtifactToolkitIdentity	lifecycle	59	fn
artifact/artifact-migration.mjs	4798	E	artifactOperatorDecisions	decisions	30	fn
artifact/artifact-migration.mjs	4829	E	validateArtifactComplete	lifecycle	19	fn
artifact/run-artifact.mjs	29	E	parseArtifactArguments	transport	55	fn
artifact/run-artifact.mjs	93	E	artifactDirective	transport	13	fn
artifact/run-artifact.mjs	107	I	render	transport	25	fn
artifact/run-artifact.mjs	133	E	runArtifactCli	transport	46	fn
cli/advance-migration.mjs	27	E	parseAdvanceArguments	transport	28	fn
cli/advance-migration.mjs	56	I	directive	transport	4	fn
cli/advance-migration.mjs	65	E	runAdvanceCli	transport	96	fn
cli/discover-module.mjs	36	E	normalizePonytailArgument	transport	11	fn
cli/discover-module.mjs	49	I	sliceList	transport	11	fn
cli/discover-module.mjs	61	E	parseDiscoverArguments	transport	81	fn
cli/discover-module.mjs	143	E	renderExecutionPreview	transport	20	fn
cli/discover-module.mjs	164	I	renderSliceAmendment	transport	12	fn
cli/discover-module.mjs	177	I	directive	transport	8	fn
cli/discover-module.mjs	197	E	runDiscoverCli	transport	183	fn
cli/run-migration.mjs	55	E	parseRunArguments	transport	46	fn
cli/run-migration.mjs	108	I	discoverArguments	transport	2	fn
cli/run-migration.mjs	111	I	advanceArguments	transport	5	fn
cli/run-migration.mjs	124	I	TERMINAL_VALIDATION_REFUSALS	transport	10	value
cli/run-migration.mjs	141	E	renderAuthoringRequest	transport	9	fn
cli/run-migration.mjs	163	I	pendingApprovals	decisions	10	fn
cli/run-migration.mjs	174	E	decisionCandidates	decisions	2	fn
cli/run-migration.mjs	193	I	operatorApproval	decisions	6	fn
cli/run-migration.mjs	235	I	recordedPrefix	transport	2	fn
cli/run-migration.mjs	244	E	runMigration	transport	324	fn
cli/toolkit-identity.mjs	30	I	COMMANDS	transport	1	value
cli/toolkit-identity.mjs	32	E	parseToolkitIdentityArguments	transport	39	fn
cli/toolkit-identity.mjs	72	I	artifactEngine	transport	1	fn
cli/toolkit-identity.mjs	74	I	reportChange	transport	14	fn
cli/toolkit-identity.mjs	89	E	runToolkitIdentityCli	transport	70	fn
cli/update-migration-registry.mjs	16	E	parseRegistryArguments	transport	30	fn
cli/update-migration-registry.mjs	47	E	runRegistryCli	transport	36	fn
cli/validate-migration.mjs	12	E	parseValidateArguments	transport	30	fn
cli/validate-migration.mjs	43	E	runValidateCli	transport	17	fn
discovery-scan.mjs	47	I	execFileAsync	census	1	value
discovery-scan.mjs	54	E	CENSUS_ALGORITHM_VERSION	census	1	value
discovery-scan.mjs	55	E	SUPPORTED_ALGORITHM_VERSIONS	census	1	value
discovery-scan.mjs	57	E	DiscoveryScannerVersionError	census	7	class
discovery-scan.mjs	65	I	SCRIPT_EXTENSIONS	census	10	value
discovery-scan.mjs	75	I	STYLE_EXTENSIONS	census	1	value
discovery-scan.mjs	76	I	ASSET_EXTENSIONS	census	17	value
discovery-scan.mjs	93	I	DATA_EXTENSIONS	census	1	value
discovery-scan.mjs	94	I	DOC_EXTENSIONS	census	1	value
discovery-scan.mjs	97	E	PROBE_EXTENSIONS	census	5	value
discovery-scan.mjs	108	E	VISUAL_KINDS	census	1	value
discovery-scan.mjs	111	E	PRODUCTION_REACHABILITY	census	4	value
discovery-scan.mjs	116	E	REACHABILITY_VALUES	census	6	value
discovery-scan.mjs	124	I	NEXT_APP_FILES	census	20	value
discovery-scan.mjs	146	I	NEXT_ROOT_FILES	census	6	value
discovery-scan.mjs	153	I	TEST_PATTERN	census	2	value
discovery-scan.mjs	156	I	portable	unassigned:leaf	1	fn
discovery-scan.mjs	158	I	extensionOf	census	1	fn
discovery-scan.mjs	160	E	kindOf	census	11	fn
discovery-scan.mjs	172	I	isScript	census	2	fn
discovery-scan.mjs	174	I	isStyle	census	2	fn
discovery-scan.mjs	176	I	isParseable	census	2	fn
discovery-scan.mjs	179	I	isWithin	unassigned:leaf	7	fn
discovery-scan.mjs	198	E	parserResolutionError	census	19	fn
discovery-scan.mjs	218	E	loadTypeScript	census	7	fn
discovery-scan.mjs	226	I	gitList	census	18	fn
discovery-scan.mjs	245	E	CENSUS_COMMAND	census	2	value
discovery-scan.mjs	248	I	normalizeRoot	census	15	fn
discovery-scan.mjs	264	I	underRoot	census	2	fn
discovery-scan.mjs	268	I	assertNotSymlink	census	16	fn
discovery-scan.mjs	289	I	scriptEdges	census	637	fn
discovery-scan.mjs	927	I	SCRIPT_UNIT_EXTENSIONS	census	10	value
discovery-scan.mjs	941	I	STRUCTURAL_MAX_DEPTH	census	1	value
discovery-scan.mjs	950	E	structuralUnits	census	186	fn
discovery-scan.mjs	1137	I	scriptExportNames	census	54	fn
discovery-scan.mjs	1195	I	CSS_IMPORT	census	1	value
discovery-scan.mjs	1196	I	CSS_URL	census	1	value
discovery-scan.mjs	1198	I	styleEdges	census	22	fn
discovery-scan.mjs	1228	I	isFirstPartySpecifier	census	5	fn
discovery-scan.mjs	1235	I	FINDING_KINDS	census	6	value
discovery-scan.mjs	1243	I	UNPROVEN_MODULE_EDGES	census	5	value
discovery-scan.mjs	1249	E	runDiscoveryScan	census	1013	fn
discovery-scan.mjs	2275	E	discoveryDigest	census	21	fn
engine-paths.mjs	38	E	isMainModule	transport	12	fn
engine-paths.mjs	52	E	engineScriptsRoot	formats	1	value
engine-paths.mjs	55	E	skillRootFor	transport	2	fn
engine-paths.mjs	67	E	engineSkillRoot	formats	1	value
engine-paths.mjs	86	E	quoteCommandToken	transport	9	fn
engine-paths.mjs	102	E	engineArgv	transport	4	fn
engine-paths.mjs	128	E	engineCommand	transport	2	fn
format-upgrade.mjs	25	E	nextIncrement	formats	10	fn
format-upgrade.mjs	50	E	upgradeIsActive	formats	3	fn
format-upgrade.mjs	55	I	validPrerequisite	formats	7	fn
format-upgrade.mjs	72	E	classifyUpgrade	formats	8	fn
format-upgrade.mjs	85	E	assertRegistryCoverage	formats	78	fn
format-upgrade.mjs	172	E	upgradeProjection	formats	22	fn
mcp-server.mjs	63	I	SERVER_NAME	transport	1	value
mcp-server.mjs	66	I	PROTOCOL_VERSIONS	transport	1	value
mcp-server.mjs	68	I	JSON_RPC_PARSE_ERROR	transport	1	value
mcp-server.mjs	69	I	JSON_RPC_INVALID_REQUEST	transport	1	value
mcp-server.mjs	70	I	JSON_RPC_METHOD_NOT_FOUND	transport	1	value
mcp-server.mjs	71	I	JSON_RPC_INTERNAL_ERROR	transport	1	value
mcp-server.mjs	79	I	INPUT_SCHEMA	transport	23	value
mcp-server.mjs	103	I	RUN_INPUT_SCHEMA	transport	40	value
mcp-server.mjs	145	I	RELAY_TOOL	transport	1	value
mcp-server.mjs	146	I	RELAY_INPUT_SCHEMA	transport	11	value
mcp-server.mjs	158	I	ARTIFACT_INPUT_SCHEMA	transport	13	value
mcp-server.mjs	173	I	artifactOptions	transport	3	fn
mcp-server.mjs	183	I	REFUSED_TOOLS	transport	29	value
mcp-server.mjs	220	I	APPROVAL_SHAPED_KEY	transport	1	value
mcp-server.mjs	221	E	approvalShapedArgument	transport	6	fn
mcp-server.mjs	228	I	registryFor	transport	7	fn
mcp-server.mjs	241	I	readOnly	transport	2	fn
mcp-server.mjs	244	I	runArguments	transport	31	fn
mcp-server.mjs	284	E	createSession	transport	4	fn
mcp-server.mjs	299	I	CONFIRMATION_SCHEMA	decisions	13	value
mcp-server.mjs	347	I	ELICITATION_TIMEOUT_MS	decisions	1	value
mcp-server.mjs	349	I	trustedDecisionRecorder	decisions	33	fn
mcp-server.mjs	392	I	runTool	transport	54	fn
mcp-server.mjs	447	I	TOOLS	transport	76	value
mcp-server.mjs	525	I	PROGRESS_TOOLS	transport	1	value
mcp-server.mjs	527	I	TOOLS_BY_NAME	transport	1	value
mcp-server.mjs	529	I	descriptorOf	transport	5	fn
mcp-server.mjs	535	I	failure	transport	5	fn
mcp-server.mjs	541	I	success	transport	1	fn
mcp-server.mjs	546	I	toolCalls	transport	1	value
mcp-server.mjs	547	I	callTool	transport	25	fn
mcp-server.mjs	573	I	callToolInContext	transport	74	fn
mcp-server.mjs	649	E	handleMessage	transport	34	fn
mcp-server.mjs	684	I	respond	transport	10	fn
mcp-server.mjs	696	I	answeredId	transport	10	fn
mcp-server.mjs	718	E	serve	transport	61	fn
migration-policy.mjs	27	E	MIGRATION_MODES	transport	1	value
migration-policy.mjs	29	I	MODE_MESSAGE	transport	1	value
migration-policy.mjs	31	I	DISCOVER_USAGE	transport	2	value
migration-policy.mjs	34	I	ARTIFACT_USAGE	transport	2	value
migration-policy.mjs	37	I	RUN_USAGE	transport	2	value
migration-policy.mjs	40	I	hasLegacy	transport	4	fn
migration-policy.mjs	45	I	assertDesignSource	transport	8	fn
migration-policy.mjs	54	I	hasFigma	transport	2	fn
migration-policy.mjs	57	I	hasAddFile	transport	4	fn
migration-policy.mjs	67	I	RUN_REFUSED_OPTIONS	transport	16	value
migration-policy.mjs	84	I	assertMode	transport	5	fn
migration-policy.mjs	90	I	assertStepName	transport	5	fn
migration-policy.mjs	104	E	assertOptionCombination	transport	272	fn
migration-policy.mjs	394	E	maySelfConfirm	decisions	6	fn
migration-policy.mjs	406	E	MIGRATION_OUTCOMES	lifecycle	15	value
migration-policy.mjs	422	I	EXIT_CODES	transport	10	value
migration-policy.mjs	438	E	exitCodeFor	transport	6	fn
migration-policy.mjs	457	E	nextOutcome	lifecycle	56	fn
migration-utils.mjs	25	I	execFileAsync	unassigned:leaf	1	value
migration-utils.mjs	26	I	SAFE_NAME	unassigned:leaf	1	value
migration-utils.mjs	29	E	PONYTAIL_TARGETS	unassigned:leaf	4	value
migration-utils.mjs	34	I	portablePath	unassigned:leaf	1	fn
migration-utils.mjs	36	I	comparablePath	unassigned:leaf	4	fn
migration-utils.mjs	41	I	samePath	unassigned:leaf	2	fn
migration-utils.mjs	44	I	isPonytailTarget	unassigned:leaf	2	fn
migration-utils.mjs	47	E	assertPonytailTarget	unassigned:leaf	8	fn
migration-utils.mjs	56	E	assertSafeName	unassigned:leaf	8	fn
migration-utils.mjs	65	E	DESIGN_SOURCES	formats	5	value
migration-utils.mjs	71	I	FIGMA_FILE_KEY	formats	1	value
migration-utils.mjs	74	I	FIGMA_NODE_ID	formats	1	value
migration-utils.mjs	83	E	assertFigmaSource	formats	58	fn
migration-utils.mjs	148	E	resolveDesignSource	formats	32	fn
migration-utils.mjs	191	E	resolveLegacySources	census	5	fn
migration-utils.mjs	197	I	assertPlainObject	unassigned:leaf	6	fn
migration-utils.mjs	204	I	isWithin	unassigned:leaf	7	fn
migration-utils.mjs	215	E	assertSecurePath	unassigned:leaf	29	fn
migration-utils.mjs	245	E	atomicWrite	store	26	fn
migration-utils.mjs	272	I	resolveRegistryRoot	store	15	fn
migration-utils.mjs	288	I	validateRegistry	store	50	fn
migration-utils.mjs	339	E	registryIdentity	store	2	fn
migration-utils.mjs	342	I	readProjectConfiguration	store	36	fn
migration-utils.mjs	380	I	canonical	store	1	fn
migration-utils.mjs	390	I	gitTopLevel	store	12	fn
migration-utils.mjs	431	I	legacyInstalledProjectRoot	store	19	fn
migration-utils.mjs	451	I	projectRootFor	store	19	fn
migration-utils.mjs	471	I	readStateRegistry	store	41	fn
migration-utils.mjs	513	I	stateRegistryFromCwd	store	10	fn
migration-utils.mjs	524	I	stateRegistryFromCandidate	store	12	fn
migration-utils.mjs	537	I	stateRegistryFromWorkspace	store	25	fn
migration-utils.mjs	563	I	mismatch	store	4	fn
migration-utils.mjs	568	E	resolveRegistryPath	store	76	fn
migration-utils.mjs	645	E	previewProjectRegistryBinding	store	44	fn
migration-utils.mjs	690	E	persistProjectRegistryBinding	store	11	fn
migration-utils.mjs	702	E	readRegistry	store	18	fn
migration-utils.mjs	721	E	resolveModule	store	23	fn
migration-utils.mjs	760	E	gitRevision	unassigned:leaf	26	fn
migration-utils.mjs	802	E	dirtyManifest	unassigned:leaf	67	fn
migration-utils.mjs	879	E	committedChangesSince	unassigned:leaf	30	fn
migration-utils.mjs	915	E	headRevision	unassigned:leaf	12	fn
migration-utils.mjs	933	E	fileAtRevision	unassigned:leaf	12	fn
migration-utils.mjs	947	E	isAncestorCommit	unassigned:leaf	12	fn
migration-utils.mjs	965	E	commitsTouchingSince	unassigned:leaf	22	fn
migration-utils.mjs	998	E	commitsIntroducingBlob	unassigned:leaf	37	fn
migration-utils.mjs	1048	E	assertProjectRootContainment	unassigned:leaf	17	fn
migration-utils.mjs	1071	E	pendingTransactions	lifecycle	32	fn
migration-utils.mjs	1104	E	assertNoPendingTransaction	lifecycle	8	fn
migration-utils.mjs	1113	I	nextRegistryDocument	store	48	fn
migration-utils.mjs	1167	E	previewRegistryUpdate	store	48	fn
migration-utils.mjs	1216	E	renderRegistryPreview	store	10	fn
migration-utils.mjs	1227	I	registryJournalPathFor	store	2	fn
migration-utils.mjs	1237	I	recoverRegistryJournal	store	33	fn
migration-utils.mjs	1272	E	updateRegistry	store	72	fn
migration-utils.mjs	1357	I	doctorCheck	transport	14	fn
migration-utils.mjs	1372	I	MINIMUM_NODE_MAJOR	transport	1	value
migration-utils.mjs	1375	I	existingKnowledgeRoot	transport	14	fn
migration-utils.mjs	1390	E	runDoctor	transport	97	fn
migration-utils.mjs	1511	I	TEXT_IDENTITY_EXTENSIONS	unassigned:leaf	6	value
migration-utils.mjs	1518	E	CONTENT_IDENTITY_TEXT	unassigned:leaf	1	value
migration-utils.mjs	1519	E	CONTENT_IDENTITY_BYTES	unassigned:leaf	1	value
migration-utils.mjs	1521	I	IDENTITY_SCHEMES	unassigned:leaf	4	value
migration-utils.mjs	1526	I	TAGGED_IDENTITY	unassigned:leaf	1	value
migration-utils.mjs	1527	I	PREFIXED_DIGEST	unassigned:leaf	1	value
migration-utils.mjs	1528	I	BARE_DIGEST	unassigned:leaf	1	value
migration-utils.mjs	1530	I	CR	unassigned:leaf	1	value
migration-utils.mjs	1531	I	LF	unassigned:leaf	1	value
migration-utils.mjs	1532	I	TAB	unassigned:leaf	1	value
migration-utils.mjs	1533	I	DEL	unassigned:leaf	1	value
migration-utils.mjs	1535	I	sha256Hex	unassigned:leaf	1	fn
migration-utils.mjs	1538	I	foldCrlf	unassigned:leaf	11	fn
migration-utils.mjs	1551	I	expandLf	unassigned:leaf	14	fn
migration-utils.mjs	1572	I	isTextContent	unassigned:leaf	12	fn
migration-utils.mjs	1591	E	isTextIdentityEligible	unassigned:leaf	4	fn
migration-utils.mjs	1602	E	parseContentIdentity	unassigned:leaf	11	fn
migration-utils.mjs	1619	E	isContentIdentity	unassigned:leaf	5	fn
migration-utils.mjs	1629	E	contentIdentity	unassigned:leaf	10	fn
migration-utils.mjs	1657	E	contentIdentityMatches	unassigned:leaf	29	fn
migration-utils.mjs	1688	E	fileContentIdentity	store	7	fn
migration-utils.mjs	1697	E	fileContentIdentityMatches	store	17	fn
module-lock.mjs	32	I	LOCK_ROOT	lifecycle	1	value
module-lock.mjs	34	E	lockPathFor	lifecycle	2	fn
module-lock.mjs	42	I	sleep	lifecycle	1	fn
module-lock.mjs	45	E	processAlive	lifecycle	10	fn
module-lock.mjs	56	I	readOwner	lifecycle	9	fn
module-lock.mjs	72	I	reclaimStale	lifecycle	14	fn
module-lock.mjs	92	E	acquireModuleLock	lifecycle	66	fn
module-lock.mjs	159	E	withModuleLock	lifecycle	8	fn
module-lock.mjs	172	E	writeJournalAtomic	lifecycle	12	fn
operation-sequence.mjs	64	E	OPERATION_SEQUENCE_KIND	decisions	1	value
operation-sequence.mjs	67	E	AMEND_SLICE	decisions	1	value
operation-sequence.mjs	75	I	nextExpected	decisions	4	fn
operation-sequence.mjs	86	I	memberFacts	decisions	14	fn
operation-sequence.mjs	102	I	addedFileFact	decisions	7	fn
operation-sequence.mjs	121	E	deriveOperationSequence	decisions	116	fn
operation-sequence.mjs	243	E	challengeForOperationSequence	decisions	2	fn
operation-sequence.mjs	246	E	renderOperationSequence	decisions	31	fn
operation-sequence.mjs	293	E	authorizeOperationSequence	decisions	50	fn
operation-sequence.mjs	352	E	operationSequenceRunner	decisions	140	fn
operator-approval.mjs	7	E	renderGroupBlock	decisions	12	fn
operator-approval.mjs	20	E	renderCandidateBlock	decisions	13	fn
operator-approval.mjs	34	I	terminalDecisionRecorder	decisions	2	fn
operator-approval.mjs	37	I	AUTO_REASON	decisions	3	value
operator-approval.mjs	41	I	autoDecisionRecorder	decisions	5	value
operator-approval.mjs	57	E	recorderFor	decisions	8	fn
operator-approval.mjs	71	I	carryChannel	decisions	2	fn
operator-approval.mjs	74	E	moduleApprover	decisions	4	fn
operator-approval.mjs	79	E	artifactApprover	decisions	15	fn
operator-approval.mjs	107	E	approveWithOperator	decisions	44	fn
operator-signer-service.mjs	32	E	SERVICE_CONFIG_FILE	formats	1	value
operator-signer-service.mjs	34	I	writeOperatorOnly	decisions	4	fn
operator-signer-service.mjs	39	E	runSignerService	decisions	33	fn
operator-signer.mjs	36	E	PRODUCTION_ATTESTED_WRITES	decisions	1	value
operator-signer.mjs	37	E	ACTIVATION_MANIFEST_FILE	formats	1	value
operator-signer.mjs	38	I	STORE_FILE	formats	1	value
operator-signer.mjs	40	I	typed	decisions	1	fn
operator-signer.mjs	43	E	assertSignerOrigin	decisions	8	fn
operator-signer.mjs	52	I	assertOwnerOnly	decisions	6	fn
operator-signer.mjs	64	E	openSignerStore	decisions	38	fn
operator-signer.mjs	103	I	transaction	decisions	5	fn
operator-signer.mjs	110	I	readLedgerNoFollow	decisions	4	fn
operator-signer.mjs	119	E	createOperatorSigner	decisions	213	fn
operator-signer.mjs	335	I	ACTIVATION_KEYS	decisions	1	value
operator-signer.mjs	338	E	checkSignerActivation	decisions	18	fn
operator-signer.mjs	361	E	readRootOwnedJson	decisions	16	fn
operator-signer.mjs	379	E	readSignerActivation	decisions	9	fn
operator-signer.mjs	391	I	HTML_ESCAPES	decisions	1	value
operator-signer.mjs	393	E	inertHtml	decisions	4	fn
operator-signer.mjs	398	I	SECURITY_HEADERS	decisions	10	value
operator-signer.mjs	410	I	APP_JS	decisions	33	value
operator-signer.mjs	445	I	ENROLL_JS	decisions	24	value
operator-signer.mjs	470	I	SESSION_MS	decisions	1	value
operator-signer.mjs	471	I	BODY_LIMIT	decisions	1	value
operator-signer.mjs	480	E	startReviewCompanion	decisions	131	fn
operator-webauthn.mjs	15	E	ASSERTION_PROTOCOL	decisions	1	value
operator-webauthn.mjs	16	I	CHALLENGE_DOMAIN	decisions	1	value
operator-webauthn.mjs	17	E	VERIFICATION_VERSION	decisions	1	value
operator-webauthn.mjs	18	E	MAX_CHALLENGE_LIFETIME_MS	decisions	1	value
operator-webauthn.mjs	19	E	COSE_ES256	decisions	1	value
operator-webauthn.mjs	21	E	ATTESTED_ARTIFACT_KINDS	decisions	1	value
operator-webauthn.mjs	23	I	RECORD_KEYS	decisions	4	value
operator-webauthn.mjs	27	I	PAYLOAD_KEYS	decisions	5	value
operator-webauthn.mjs	32	E	BINDING_KEYS	decisions	1	value
operator-webauthn.mjs	33	I	DIGEST	decisions	1	value
operator-webauthn.mjs	34	I	BASE64URL	unassigned:leaf	1	value
operator-webauthn.mjs	35	I	PROOF_KEYS	decisions	1	value
operator-webauthn.mjs	37	E	sha256Digest	unassigned:leaf	2	fn
operator-webauthn.mjs	39	E	base64url	unassigned:leaf	1	fn
operator-webauthn.mjs	40	I	exactKeys	unassigned:leaf	3	fn
operator-webauthn.mjs	43	I	nonEmpty	unassigned:leaf	1	fn
operator-webauthn.mjs	44	I	b64	unassigned:leaf	3	fn
operator-webauthn.mjs	49	E	groupMembersDigestOf	decisions	1	fn
operator-webauthn.mjs	52	E	assertionPayload	decisions	24	fn
operator-webauthn.mjs	78	E	parseAssertionPayload	decisions	8	fn
operator-webauthn.mjs	87	E	assertionChallenge	decisions	2	fn
operator-webauthn.mjs	91	E	proofFromResponse	decisions	14	fn
operator-webauthn.mjs	106	E	proofProblem	decisions	10	fn
operator-webauthn.mjs	117	I	responseFromProof	decisions	12	fn
operator-webauthn.mjs	130	I	assertEs256	decisions	6	fn
operator-webauthn.mjs	142	E	verifyAssertionProof	decisions	28	fn
operator-webauthn.mjs	172	E	verifyEnrollment	decisions	20	fn
record-decision.mjs	107	E	DECISION_KINDS	decisions	16	value
record-decision.mjs	128	E	challengeFor	decisions	2	fn
record-decision.mjs	143	E	APPROVAL_CHANNELS	decisions	1	value
record-decision.mjs	145	E	channelOf	decisions	2	fn
record-decision.mjs	159	E	autoApprovalChannel	decisions	2	fn
record-decision.mjs	167	E	approvedByPhrase	decisions	2	fn
record-decision.mjs	170	I	APPROVAL_EVIDENCE	decisions	7	fn
record-decision.mjs	178	I	GROUP_APPROVAL_EVIDENCE	decisions	7	fn
record-decision.mjs	186	E	APPROVAL_EVIDENCE_PHRASES	decisions	4	value
record-decision.mjs	191	E	parseDecisionArguments	transport	68	fn
record-decision.mjs	260	I	operatorIdentity	decisions	2	fn
record-decision.mjs	268	E	rationaleDigestOf	decisions	1	value
record-decision.mjs	271	E	SIGNER_UNAVAILABLE	decisions	1	value
record-decision.mjs	273	I	blockedFor	decisions	7	fn
record-decision.mjs	281	I	REVIEW_EFFECTS	decisions	8	value
record-decision.mjs	291	E	reviewFor	decisions	34	fn
record-decision.mjs	327	I	inertText	decisions	4	fn
record-decision.mjs	331	I	indentReview	decisions	1	fn
record-decision.mjs	332	I	renderEvidence	decisions	6	fn
record-decision.mjs	339	E	renderDecisionReview	decisions	17	fn
record-decision.mjs	357	E	buildDecision	decisions	62	fn
record-decision.mjs	420	I	derivePendingDecisions	decisions	324	fn
record-decision.mjs	753	I	decisionCheckpoint	decisions	7	fn
record-decision.mjs	762	I	PROJECTION_PRECEDENCE	decisions	1	value
record-decision.mjs	764	I	decisionProjection	decisions	15	fn
record-decision.mjs	782	E	pendingDecisionCandidates	decisions	2	fn
record-decision.mjs	802	E	projectDecisions	decisions	18	fn
record-decision.mjs	822	I	moduleRecompute	decisions	18	fn
record-decision.mjs	849	E	recordNewFormatDecisionGroup	decisions	38	fn
record-decision.mjs	902	I	withOperatorApproval	decisions	135	fn
record-decision.mjs	1044	E	ledgerFileForChannel	decisions	2	fn
record-decision.mjs	1047	I	appendDecisions	decisions	27	fn
record-decision.mjs	1075	E	groupFactsDigest	decisions	2	fn
record-decision.mjs	1083	I	ledgerHeadFor	decisions	7	fn
record-decision.mjs	1102	I	autoAuthorization	decisions	18	fn
record-decision.mjs	1121	I	appendGroupDecisions	decisions	41	fn
record-decision.mjs	1179	I	appendNewFormatGroupDecision	decisions	38	fn
record-decision.mjs	1218	E	assertReviewedCandidateCurrent	decisions	7	fn
record-decision.mjs	1226	I	approveDecisionGroup	decisions	32	fn
record-decision.mjs	1259	I	approveCandidate	decisions	62	fn
record-decision.mjs	1325	I	webauthnProtocol	decisions	1	fn
record-decision.mjs	1326	I	refused	decisions	1	fn
record-decision.mjs	1328	I	attestedRecompute	decisions	14	fn
record-decision.mjs	1344	I	attestedBinding	decisions	43	fn
record-decision.mjs	1388	I	appendDurably	store	21	fn
record-decision.mjs	1411	E	reviewAttestedCandidate	decisions	7	fn
record-decision.mjs	1420	E	beginAttestedDecision	decisions	9	fn
record-decision.mjs	1437	E	completeAttestedDecision	decisions	67	fn
record-decision.mjs	1510	I	deriveArtifactDecisions	decisions	36	fn
record-decision.mjs	1547	I	runArtifactDecisionCli	transport	60	fn
record-decision.mjs	1624	I	BOUND_TO_FIELDS	decisions	7	value
record-decision.mjs	1632	E	auditDecisionLedger	decisions	121	fn
record-decision.mjs	1754	I	groupFindings	decisions	57	fn
record-decision.mjs	1818	I	verifyRecord	decisions	73	fn
record-decision.mjs	1892	E	runRecordDecisionCli	transport	117	fn
record-decision.mjs	2011	E	reviewReference	decisions	2	fn
record-decision.mjs	2020	E	relayOperatorDecision	decisions	37	fn
resumable-migration.mjs	107	I	artifactEngine	lifecycle	2	fn
resumable-migration.mjs	110	E	RESUMABLE_CONTRACT_VERSION	formats	1	value
resumable-migration.mjs	111	E	MIGRATION_FORMAT_VERSION	formats	1	value
resumable-migration.mjs	112	E	WORKFLOW_VERSION	formats	1	value
resumable-migration.mjs	118	E	EARLIEST_SUPPORTED_FORMAT	formats	1	value
resumable-migration.mjs	126	E	DISCOVERY_COMPLETENESS_FORMAT	formats	1	value
resumable-migration.mjs	128	E	usesDiscoveryCompleteness	formats	2	fn
resumable-migration.mjs	139	E	CAPABILITY_OWNERSHIP_FORMAT	formats	1	value
resumable-migration.mjs	141	E	usesCapabilityOwnership	formats	2	fn
resumable-migration.mjs	144	E	UI_VERIFICATION_FORMAT	formats	1	value
resumable-migration.mjs	145	E	usesUiVerification	formats	2	fn
resumable-migration.mjs	148	E	ARTIFACT_DELEGATION_FORMAT	formats	1	value
resumable-migration.mjs	149	E	usesArtifactDelegation	formats	2	fn
resumable-migration.mjs	160	E	DESIGN_SOURCE_FORMAT	formats	1	value
resumable-migration.mjs	161	E	usesDesignSource	formats	2	fn
resumable-migration.mjs	173	E	MULTI_SOURCE_FORMAT	formats	1	value
resumable-migration.mjs	174	E	usesMultiSource	formats	2	fn
resumable-migration.mjs	196	E	SLICE_REWORK_FORMAT	formats	1	value
resumable-migration.mjs	197	E	usesSliceRework	formats	2	fn
resumable-migration.mjs	221	E	VISUAL_ACCEPTANCE_FORMAT	formats	1	value
resumable-migration.mjs	222	E	usesVisualAcceptance	formats	2	fn
resumable-migration.mjs	231	E	REQUIRED_OBSERVATIONS_FORMAT	formats	1	value
resumable-migration.mjs	232	E	usesRequiredObservations	formats	2	fn
resumable-migration.mjs	248	E	DIRECT_LEDGER_DECISIONS_FORMAT	formats	1	value
resumable-migration.mjs	249	E	usesDirectLedgerDecisions	formats	2	fn
resumable-migration.mjs	260	E	MIGRATION_FORMAT_SUPPORTED	formats	1	value
resumable-migration.mjs	261	E	FORMAT_ACTIVE_FOR_NEW_MIGRATIONS	formats	1	value
resumable-migration.mjs	277	E	FORMAT_UPGRADE_FLOOR	formats	1	value
resumable-migration.mjs	287	E	isUiObservationsAdoption	formats	4	fn
resumable-migration.mjs	292	E	UI_OBSERVATIONS_ADOPTION_ROOT	formats	1	value
resumable-migration.mjs	293	E	UI_OBSERVATIONS_CANDIDATE_FILE	formats	1	value
resumable-migration.mjs	299	I	usesVisualContract	visual	2	fn
resumable-migration.mjs	314	I	usesSourceAttribution	formats	2	fn
resumable-migration.mjs	318	E	legacySourcesOf	census	2	fn
resumable-migration.mjs	326	E	isBrownfield	census	2	fn
resumable-migration.mjs	341	E	assertDiscoveryCompletenessFormat	formats	10	fn
resumable-migration.mjs	443	I	SELF_HEALING_FORMAT_VERSIONS	formats	6	value
resumable-migration.mjs	469	E	NON_PROMOTING_FORMAT_VERSIONS	formats	10	value
resumable-migration.mjs	487	I	FORMAT_FEATURES	formats	12	value
resumable-migration.mjs	500	E	stampedFormatVersion	formats	12	fn
resumable-migration.mjs	514	E	SUPPORTED_FORMAT_VERSIONS	formats	6	value
resumable-migration.mjs	522	E	formatIsSupported	formats	4	fn
resumable-migration.mjs	535	E	formatIsPromoting	formats	3	fn
resumable-migration.mjs	546	I	ANCHORED_FORMAT_VERSION	formats	1	value
resumable-migration.mjs	554	E	BLOCKED_EXIT_CODE	transport	1	value
resumable-migration.mjs	561	E	DEFAULT_MODE	lifecycle	1	value
resumable-migration.mjs	584	E	isAutoAuthority	decisions	1	fn
resumable-migration.mjs	611	E	renderLoopDirective	transport	17	fn
resumable-migration.mjs	629	E	UPGRADABLE_CONTRACT_VERSION	formats	1	value
resumable-migration.mjs	630	E	UPGRADABLE_FORMAT_VERSION	formats	1	value
resumable-migration.mjs	632	E	upgradeCommandFor	formats	2	fn
resumable-migration.mjs	640	E	compatibilityBlocker	formats	23	fn
resumable-migration.mjs	664	E	MIGRATION_STEPS	formats	11	value
resumable-migration.mjs	677	E	LEGACY_MIGRATION_STEPS	formats	3	value
resumable-migration.mjs	686	E	stepsFor	formats	2	fn
resumable-migration.mjs	689	E	FINAL_GATES	lifecycle	9	value
resumable-migration.mjs	699	I	TARGET_STATES	census	7	value
resumable-migration.mjs	707	I	TERMINAL_PARITY	lifecycle	11	value
resumable-migration.mjs	726	I	PARITY_STATUSES	lifecycle	1	value
resumable-migration.mjs	735	I	SLICE_EARNED_PARITY	lifecycle	1	value
resumable-migration.mjs	738	I	anySliceVerified	slices	3	fn
resumable-migration.mjs	742	I	TARGET_ADOPTION_MODES	formats	1	value
resumable-migration.mjs	744	I	TERMINAL_DESIGN_SYSTEM	slices	1	value
resumable-migration.mjs	746	I	UI_KINDS	census	15	value
resumable-migration.mjs	761	I	UI_MISMATCH_DISPOSITIONS	census	7	value
resumable-migration.mjs	769	I	UI_UNREQUIRED_DISPOSITIONS	visual	1	value
resumable-migration.mjs	775	I	UI_INTERACTIVE_KINDS	census	7	value
resumable-migration.mjs	783	I	UI_CONDITIONAL_KINDS	census	4	value
resumable-migration.mjs	788	I	UI_VIEWPORT_STATES	visual	1	value
resumable-migration.mjs	794	I	UI_SECRET_KEY_PATTERN	visual	2	value
resumable-migration.mjs	800	I	UI_SECRET_VALUE_PATTERN	visual	2	value
resumable-migration.mjs	804	I	assertNoUiSecret	visual	27	fn
resumable-migration.mjs	839	I	uiBehaviorIsRequired	visual	5	fn
resumable-migration.mjs	844	E	UI_PROOF_FORMAT	formats	1	value
resumable-migration.mjs	846	E	UI_RUNTIME_STATES	census	13	value
resumable-migration.mjs	860	I	BEHAVIOR_DISPOSITIONS	lifecycle	12	value
resumable-migration.mjs	878	I	CAPABILITY_DISPOSITIONS	lifecycle	6	value
resumable-migration.mjs	886	I	NON_TERMINAL_CAPABILITIES	slices	4	value
resumable-migration.mjs	892	I	SHARED_CONSUMER_THRESHOLD	lifecycle	1	value
resumable-migration.mjs	896	E	DISCOVERY_SCAN_FILE	formats	1	value
resumable-migration.mjs	897	E	MODULE_CLASSIFICATION_FILE	formats	2	value
resumable-migration.mjs	899	E	DECISIONS_FILE	formats	1	value
resumable-migration.mjs	915	E	AUTO_DECISIONS_FILE	formats	1	value
resumable-migration.mjs	916	E	CAPABILITY_OWNERSHIP_FILE	formats	1	value
resumable-migration.mjs	917	E	UI_REMEDIATION_FILE	formats	1	value
resumable-migration.mjs	922	E	FIGMA_CONTEXT_FILE	formats	1	value
resumable-migration.mjs	925	E	VISUAL_ACCEPTANCE_FILE	formats	1	value
resumable-migration.mjs	929	E	FIGMA_CONTEXT_ADOPTION_FILE	formats	2	value
resumable-migration.mjs	934	E	LEGACY_RUNTIME_CONTEXT_FILE	formats	2	value
resumable-migration.mjs	939	E	LEGACY_RUNTIME_EVIDENCE_ROOT	visual	1	value
resumable-migration.mjs	940	I	TARGET_EVIDENCE_ROOT	visual	1	value
resumable-migration.mjs	950	E	LEGACY_AUTHORITY_ROLE	visual	1	value
resumable-migration.mjs	951	E	TARGET_VERIFICATION_ROLE	visual	1	value
resumable-migration.mjs	966	I	hardenedVisual	visual	8	fn
resumable-migration.mjs	986	E	VISUAL_AUTHORITIES	visual	24	value
resumable-migration.mjs	1012	I	frameKeyOf	visual	2	fn
resumable-migration.mjs	1016	I	recordRelative	unassigned:leaf	2	fn
resumable-migration.mjs	1032	I	assertCaptureRole	visual	8	fn
resumable-migration.mjs	1041	I	assertTargetEvidencePath	visual	11	fn
resumable-migration.mjs	1054	E	visualAuthorityOf	visual	2	fn
resumable-migration.mjs	1057	I	AUTHORITY_CONTEXT_FILES	visual	3	value
resumable-migration.mjs	1068	I	pinsAuthorityContext	visual	3	fn
resumable-migration.mjs	1071	E	ADOPTION_ROOT	lifecycle	1	value
resumable-migration.mjs	1080	E	REOPEN_ROOT	store	1	value
resumable-migration.mjs	1089	E	TARGET_BASELINE_FILE	formats	1	value
resumable-migration.mjs	1091	I	STEP_FILES	formats	11	value
resumable-migration.mjs	1103	E	STEP_DEPENDENCIES	lifecycle	22	value
resumable-migration.mjs	1135	E	BASELINE_ROWS_PIN	store	1	value
resumable-migration.mjs	1136	I	IMMUTABLE_BEHAVIOR_ROW_FIELDS	store	6	value
resumable-migration.mjs	1149	E	DISCOVERY_PIN	store	1	value
resumable-migration.mjs	1151	I	IMMUTABLE_STEP_ARTIFACTS	store	35	value
resumable-migration.mjs	1192	I	KNOWN_STATE_KEYS	formats	45	value
resumable-migration.mjs	1238	I	isPlainObject	unassigned:leaf	2	fn
resumable-migration.mjs	1241	I	assertPlainObject	unassigned:leaf	4	fn
resumable-migration.mjs	1246	I	assertArray	unassigned:leaf	4	fn
resumable-migration.mjs	1251	I	assertNonEmpty	unassigned:leaf	6	fn
resumable-migration.mjs	1258	I	assertBoolean	unassigned:leaf	4	fn
resumable-migration.mjs	1263	I	assertUniqueIds	unassigned:leaf	10	fn
resumable-migration.mjs	1274	I	isWithin	unassigned:leaf	7	fn
resumable-migration.mjs	1282	I	fileExists	store	9	fn
resumable-migration.mjs	1292	I	readJson	store	16	fn
resumable-migration.mjs	1309	I	hashFile	store	4	fn
resumable-migration.mjs	1320	I	fileIdentity	store	2	fn
resumable-migration.mjs	1323	I	fileIdentityMatches	store	2	fn
resumable-migration.mjs	1331	I	DERIVED_PINS	store	74	value
resumable-migration.mjs	1412	E	LATE_DECISION_KINDS	decisions	1	value
resumable-migration.mjs	1413	E	decisionKindAllowed	decisions	2	fn
resumable-migration.mjs	1416	I	assertLateDecisionsAreAppendable	decisions	24	fn
resumable-migration.mjs	1442	I	pinnedSourcePath	store	2	fn
resumable-migration.mjs	1453	I	hashPinnedArtifact	store	7	fn
resumable-migration.mjs	1468	I	isBytePinned	store	7	fn
resumable-migration.mjs	1482	I	pinnedArtifactMatches	store	12	fn
resumable-migration.mjs	1499	I	INTEGRITY_FILE	formats	1	value
resumable-migration.mjs	1501	I	digestArtifactHashes	store	12	fn
resumable-migration.mjs	1530	I	historyAnchorOf	store	4	fn
resumable-migration.mjs	1535	I	historyAnchorNow	store	6	fn
resumable-migration.mjs	1542	I	renderIntegrity	store	21	fn
resumable-migration.mjs	1572	I	decisionsAnchorNow	store	6	fn
resumable-migration.mjs	1585	I	autoDecisionsAnchorNow	store	6	fn
resumable-migration.mjs	1598	I	renderIntegrityNow	store	10	fn
resumable-migration.mjs	1609	I	readIntegrity	store	9	fn
resumable-migration.mjs	1626	I	assertIntegrityAnchor	store	66	fn
resumable-migration.mjs	1702	I	assertDecisionsAppendOnly	store	13	fn
resumable-migration.mjs	1721	I	assertHistoryAppendOnly	store	23	fn
resumable-migration.mjs	1757	I	assertUnanchoredHistoryTail	store	28	fn
resumable-migration.mjs	1790	E	TARGET_DIRTY_SCOPE	slices	3	value
resumable-migration.mjs	1794	I	portableRoot	slices	1	fn
resumable-migration.mjs	1797	I	baselineDirtyEntries	slices	13	fn
resumable-migration.mjs	1820	E	renderTargetBaseline	slices	15	fn
resumable-migration.mjs	1836	I	validateTargetBaselineShape	slices	18	fn
resumable-migration.mjs	1864	I	targetBaselineDrift	slices	23	fn
resumable-migration.mjs	1892	I	resolveStepPins	store	4	fn
resumable-migration.mjs	1898	I	readTargetBaseline	slices	6	fn
resumable-migration.mjs	1906	I	briefDigestFor	lifecycle	9	fn
resumable-migration.mjs	1916	I	hashContent	unassigned:leaf	2	fn
resumable-migration.mjs	1919	I	OPEN_SPEC_REQUIREMENT	lifecycle	2	value
resumable-migration.mjs	1921	I	OPEN_SPEC_SCENARIO	lifecycle	2	value
resumable-migration.mjs	1924	I	parseOpenSpec	lifecycle	65	fn
resumable-migration.mjs	1990	I	requirementsSourceFor	formats	20	fn
resumable-migration.mjs	2011	E	loadOpenSpecAuthority	lifecycle	22	fn
resumable-migration.mjs	2034	E	validateOpenSpecProposal	lifecycle	15	fn
resumable-migration.mjs	2050	I	validateOpenSpecAuthorityShape	formats	40	fn
resumable-migration.mjs	2091	I	assertCurrentOpenSpecAuthority	lifecycle	29	fn
resumable-migration.mjs	2122	I	contentIdentityMatchesSource	store	5	fn
resumable-migration.mjs	2128	I	now	unassigned:leaf	1	fn
resumable-migration.mjs	2130	E	migrationRoot	store	2	fn
resumable-migration.mjs	2133	I	statePathFor	store	2	fn
resumable-migration.mjs	2138	I	legacyChecklistBlocker	lifecycle	10	fn
resumable-migration.mjs	2149	E	activeArtifact	lifecycle	8	fn
resumable-migration.mjs	2158	E	expectedNextCheckpoint	lifecycle	13	fn
resumable-migration.mjs	2172	E	checkpointArtifacts	lifecycle	28	fn
resumable-migration.mjs	2201	E	checkpointAction	lifecycle	18	fn
resumable-migration.mjs	2230	E	authoringRequest	lifecycle	11	fn
resumable-migration.mjs	2242	I	confirmationIdFor	lifecycle	5	fn
resumable-migration.mjs	2248	I	resumeGuidance	lifecycle	13	fn
resumable-migration.mjs	2262	I	renderState	store	1	fn
resumable-migration.mjs	2264	I	renderStep	lifecycle	27	fn
resumable-migration.mjs	2292	I	stepTemplates	lifecycle	140	fn
resumable-migration.mjs	2433	I	initialArtifacts	formats	16	value
resumable-migration.mjs	2450	I	initialJsonArtifacts	lifecycle	50	value
resumable-migration.mjs	2501	I	createResolveStep	lifecycle	55	fn
resumable-migration.mjs	2557	I	LEGACY_REVISION_LINE	lifecycle	1	value
resumable-migration.mjs	2558	I	LEGACY_REVISION_SCOPE_LINE	lifecycle	1	value
resumable-migration.mjs	2560	I	assertLegacyRevisionShape	formats	8	fn
resumable-migration.mjs	2575	I	validateTargetAdoptionShape	formats	31	fn
resumable-migration.mjs	2613	I	designSourceExplicit	visual	3	fn
resumable-migration.mjs	2617	I	figmaSourceKey	visual	5	fn
resumable-migration.mjs	2627	I	assertDesignSourceUnchanged	visual	15	fn
resumable-migration.mjs	2649	I	stateMappingMismatch	store	5	fn
resumable-migration.mjs	2660	I	assertLegacySourcesUnchanged	census	9	fn
resumable-migration.mjs	2670	I	validateStateShape	formats	229	fn
resumable-migration.mjs	2903	I	ADVANCE_JOURNAL	lifecycle	1	value
resumable-migration.mjs	2905	I	readAdvanceJournal	lifecycle	9	fn
resumable-migration.mjs	2915	E	readState	store	12	fn
resumable-migration.mjs	2947	I	assertStateGraph	store	379	fn
resumable-migration.mjs	3336	I	HISTORY_HASH_DOMAIN	store	1	value
resumable-migration.mjs	3337	I	historyDigest	store	2	fn
resumable-migration.mjs	3339	I	keyOrder	store	8	fn
resumable-migration.mjs	3347	I	canonicalHistoryJson	store	8	fn
resumable-migration.mjs	3355	I	hashHistoryEvent	store	4	fn
resumable-migration.mjs	3360	I	prepareHistoryEvent	store	19	fn
resumable-migration.mjs	3380	I	appendHistory	store	10	fn
resumable-migration.mjs	3397	I	assertHistoryAppendable	store	7	fn
resumable-migration.mjs	3423	I	sealHistoryTail	store	30	fn
resumable-migration.mjs	3455	I	appendHistoryOnce	store	17	fn
resumable-migration.mjs	3477	I	assertRecovered	lifecycle	4	fn
resumable-migration.mjs	3488	E	recoverMigrationRecord	lifecycle	12	fn
resumable-migration.mjs	3506	I	recoverPendingAdvance	lifecycle	67	fn
resumable-migration.mjs	3574	I	readHistoryEvents	store	59	fn
resumable-migration.mjs	3634	I	completedArtifactHashes	store	32	fn
resumable-migration.mjs	3667	I	validateCompletedHashes	store	32	fn
resumable-migration.mjs	3710	I	assertSliceStateConsistent	slices	8	fn
resumable-migration.mjs	3719	I	assertStepDocumentComplete	lifecycle	10	fn
resumable-migration.mjs	3741	I	PATH_CLAIM	lifecycle	1	value
resumable-migration.mjs	3743	I	evidencePathClaim	lifecycle	7	fn
resumable-migration.mjs	3751	I	commonAncestor	unassigned:leaf	9	fn
resumable-migration.mjs	3761	I	resolveEvidencePath	lifecycle	15	fn
resumable-migration.mjs	3777	I	assertEvidenceResolves	lifecycle	11	fn
resumable-migration.mjs	3803	I	EVIDENCE_CATEGORIES	lifecycle	5	value
resumable-migration.mjs	3808	I	EVIDENCE_KINDS	lifecycle	1	value
resumable-migration.mjs	3809	I	EVIDENCE_STATUSES	lifecycle	1	value
resumable-migration.mjs	3811	I	assertOpenSpecIds	lifecycle	9	fn
resumable-migration.mjs	3821	I	assertEvidenceChecklist	lifecycle	52	fn
resumable-migration.mjs	3874	I	assertLegacyDiscoveryChecklist	census	37	fn
resumable-migration.mjs	3912	I	assertTargetAssessmentChecklist	census	15	fn
resumable-migration.mjs	3936	I	assertCommandResults	lifecycle	30	fn
resumable-migration.mjs	3967	I	validateLegacyInventory	census	161	fn
resumable-migration.mjs	4135	I	OBSERVATION_EXPECTED	visual	8	value
resumable-migration.mjs	4143	I	OBSERVATION_FIELDS	visual	9	value
resumable-migration.mjs	4153	E	assertRequiredObservations	visual	84	fn
resumable-migration.mjs	4256	E	decisionLineDigest	decisions	2	fn
resumable-migration.mjs	4259	E	decisionRationaleDigest	decisions	4	fn
resumable-migration.mjs	4265	E	lifecycleBinding	decisions	9	fn
resumable-migration.mjs	4275	E	edgeDecisionSubject	decisions	2	fn
resumable-migration.mjs	4278	I	candidateHash	decisions	6	fn
resumable-migration.mjs	4286	E	candidateDigestOf	decisions	2	fn
resumable-migration.mjs	4289	E	createDecisionCandidate	decisions	21	fn
resumable-migration.mjs	4319	E	createNewFormatDecisionCandidate	decisions	5	fn
resumable-migration.mjs	4325	I	decisionGroupMemberFact	decisions	8	fn
resumable-migration.mjs	4334	E	DECISION_GROUP_KIND	decisions	1	value
resumable-migration.mjs	4336	I	DECISION_MODULE_BINDING	decisions	7	value
resumable-migration.mjs	4349	I	groupMembersOf	decisions	16	fn
resumable-migration.mjs	4367	I	groupCandidateInput	decisions	19	fn
resumable-migration.mjs	4388	E	decisionGroupFor	decisions	17	fn
resumable-migration.mjs	4417	E	createNewFormatDecisionGroup	decisions	26	fn
resumable-migration.mjs	4454	E	resolveGroupDecision	decisions	26	fn
resumable-migration.mjs	4481	E	decisionAppliesToCandidate	decisions	32	fn
resumable-migration.mjs	4514	E	rawDecisionLedgerDigest	decisions	7	fn
resumable-migration.mjs	4523	E	rawDecisionLedgerBytes	decisions	4	fn
resumable-migration.mjs	4529	E	decisionChannelOf	decisions	2	fn
resumable-migration.mjs	4541	E	DECISION_PRINCIPALS	decisions	5	value
resumable-migration.mjs	4546	E	DECISION_RESULTS	decisions	1	value
resumable-migration.mjs	4547	I	DECISION_V2_FIELDS	decisions	1	value
resumable-migration.mjs	4550	E	DEFAULT_DECISION_POLICY_ID	decisions	1	value
resumable-migration.mjs	4551	I	PROTECTED_DECISION_POLICY_FILE	formats	1	value
resumable-migration.mjs	4552	I	JUDGMENT_KINDS	decisions	4	value
resumable-migration.mjs	4556	I	sha256Json	unassigned:leaf	2	fn
resumable-migration.mjs	4558	I	canonicalPolicy	decisions	4	fn
resumable-migration.mjs	4562	I	STANDARD_LOCAL	decisions	4	value
resumable-migration.mjs	4566	E	DEFAULT_DECISION_POLICY_DIGEST	decisions	1	value
resumable-migration.mjs	4568	I	LEGACY_DECISION_POLICY_ID	decisions	1	value
resumable-migration.mjs	4569	I	LEGACY_DECISION_POLICY_DIGEST	decisions	3	value
resumable-migration.mjs	4572	I	policyPrincipal	decisions	1	fn
resumable-migration.mjs	4575	E	principalSatisfiesRequirement	decisions	7	fn
resumable-migration.mjs	4584	E	validateProtectedDecisionPolicy	decisions	47	fn
resumable-migration.mjs	4632	I	trustedPolicyFor	decisions	32	fn
resumable-migration.mjs	4666	E	resolveRequiredPrincipal	decisions	14	fn
resumable-migration.mjs	4681	E	resolveHistoricalRequiredPrincipal	decisions	20	fn
resumable-migration.mjs	4703	E	decisionLineProblem	decisions	41	fn
resumable-migration.mjs	4750	E	attestationVerifierScope	decisions	1	value
resumable-migration.mjs	4753	E	attestedLineProblem	decisions	8	fn
resumable-migration.mjs	4762	I	verifyAttestedLine	decisions	14	fn
resumable-migration.mjs	4778	E	decisionPrincipalOf	decisions	6	fn
resumable-migration.mjs	4796	I	readDecisionLedger	decisions	60	fn
resumable-migration.mjs	4858	E	readOperatorDecisions	decisions	2	fn
resumable-migration.mjs	4862	E	readAutoDecisions	decisions	2	fn
resumable-migration.mjs	4875	E	readRecordedDecisions	decisions	12	fn
resumable-migration.mjs	4888	I	CLASSIFICATION_SCOPES	census	8	value
resumable-migration.mjs	4896	I	DISPOSITIONS	census	7	value
resumable-migration.mjs	4904	I	DECISION_BACKED_DISPOSITIONS	census	4	value
resumable-migration.mjs	4914	I	AGENT_DISMISSIBLE	census	4	value
resumable-migration.mjs	4927	E	legacySourceBinding	census	7	fn
resumable-migration.mjs	4953	I	requireDecision	decisions	91	fn
resumable-migration.mjs	5061	I	consumedDecisionStore	decisions	1	value
resumable-migration.mjs	5064	I	consumedDecisionIdentity	decisions	9	fn
resumable-migration.mjs	5074	I	recordConsumedDecision	decisions	5	fn
resumable-migration.mjs	5086	E	LEGACY_COMPATIBILITY_ACTION_REQUIRED	formats	2	value
resumable-migration.mjs	5089	E	LegacyCompatibilityActionRequired	formats	7	class
resumable-migration.mjs	5124	E	DECISION_PROJECTION_STATES	lifecycle	8	value
resumable-migration.mjs	5149	I	applicableDecisionOutcome	decisions	111	fn
resumable-migration.mjs	5267	E	resolveApplicableDecision	decisions	8	fn
resumable-migration.mjs	5292	I	groupAuthorityFor	decisions	44	fn
resumable-migration.mjs	5342	I	requireModuleDecision	decisions	16	fn
resumable-migration.mjs	5372	E	projectModuleDecision	decisions	34	fn
resumable-migration.mjs	5414	I	moduleDecisionCandidate	decisions	4	fn
resumable-migration.mjs	5419	I	moduleEdgeTargetsFrom	decisions	9	fn
resumable-migration.mjs	5429	I	assertRecordedScannerVersion	census	21	fn
resumable-migration.mjs	5458	E	readCanonicalModuleBoundary	census	54	fn
resumable-migration.mjs	5526	I	assertDirectLedgerClassificationSchema	decisions	30	fn
resumable-migration.mjs	5558	I	moduleRootPath	census	2	fn
resumable-migration.mjs	5566	I	moduleRootSource	census	3	fn
resumable-migration.mjs	5579	I	assertSourcedModuleRoots	census	52	fn
resumable-migration.mjs	5641	E	sourceOfEvidence	census	10	fn
resumable-migration.mjs	5652	I	assertLegacyEvidenceWithinBoundary	census	36	fn
resumable-migration.mjs	5689	E	validateDiscoveryCompleteness	census	415	fn
resumable-migration.mjs	6111	I	assertAdoptedTargetEvidence	census	20	fn
resumable-migration.mjs	6132	I	validateTargetInventory	census	151	fn
resumable-migration.mjs	6285	I	featureLocalPrefix	census	1	fn
resumable-migration.mjs	6288	I	isUnderFeature	census	4	fn
resumable-migration.mjs	6307	I	rootRelativePath	slices	23	fn
resumable-migration.mjs	6331	I	targetRelativePath	slices	8	fn
resumable-migration.mjs	6340	I	legacyRelativePath	slices	8	fn
resumable-migration.mjs	6349	E	artifactBindingFor	lifecycle	63	fn
resumable-migration.mjs	6413	E	validateArtifactDelegationRow	lifecycle	17	fn
resumable-migration.mjs	6444	I	validateCapabilityOwnership	lifecycle	175	fn
resumable-migration.mjs	6626	I	assertLegacyEvidenceAttributes	census	24	fn
resumable-migration.mjs	6671	I	validateAdoptedRow	lifecycle	122	fn
resumable-migration.mjs	6794	I	validateBaseline	lifecycle	297	fn
resumable-migration.mjs	7096	I	traceLists	slices	13	fn
resumable-migration.mjs	7110	I	assertCoversPlanned	slices	10	fn
resumable-migration.mjs	7121	I	validatePlan	slices	119	fn
resumable-migration.mjs	7252	I	assertCapabilityPlan	slices	78	fn
resumable-migration.mjs	7331	I	artifactOptions	lifecycle	8	fn
resumable-migration.mjs	7340	E	artifactPrerequisiteWork	lifecycle	68	fn
resumable-migration.mjs	7409	E	assertArtifactPrerequisites	lifecycle	7	fn
resumable-migration.mjs	7417	E	delegatedChangedFilesSatisfiedByChild	lifecycle	16	fn
resumable-migration.mjs	7438	I	governingReopen	slices	11	fn
resumable-migration.mjs	7455	I	verifiedReopenRecord	slices	46	fn
resumable-migration.mjs	7511	I	resolveReopenAnchor	slices	35	fn
resumable-migration.mjs	7553	I	repoRelative	slices	2	fn
resumable-migration.mjs	7566	I	anchoredOwnershipCache	slices	1	value
resumable-migration.mjs	7568	I	anchoredReopenOwnership	slices	15	fn
resumable-migration.mjs	7584	I	resolveAnchoredOwnership	slices	50	fn
resumable-migration.mjs	7635	I	validateImplementedSlice	slices	206	fn
resumable-migration.mjs	7854	I	resolveChangedFile	slices	9	fn
resumable-migration.mjs	7864	I	implementationDigests	slices	18	fn
resumable-migration.mjs	7883	I	validateUiRuntimeEvidence	visual	471	fn
resumable-migration.mjs	8375	E	REWORK_ROOT	slices	1	value
resumable-migration.mjs	8382	E	MAX_SLICE_REWORKS	formats	1	value
resumable-migration.mjs	8384	E	reworkLimitBlocker	slices	2	fn
resumable-migration.mjs	8387	I	REWORK_PATH	slices	1	value
resumable-migration.mjs	8390	E	reworkPathParts	slices	6	fn
resumable-migration.mjs	8397	I	reworkAttemptsOf	slices	4	fn
resumable-migration.mjs	8407	I	preservedEvidencePath	slices	13	fn
resumable-migration.mjs	8430	I	validateFailedSliceResult	slices	37	fn
resumable-migration.mjs	8468	I	validateVerifiedSlice	slices	64	fn
resumable-migration.mjs	8538	E	sliceLacksUiProofV1	visual	25	fn
resumable-migration.mjs	8564	I	completedSlicesLackingUiProofV1	visual	7	fn
resumable-migration.mjs	8573	I	withUiProofReopenHint	visual	15	fn
resumable-migration.mjs	8599	I	assertPostAnchorEvidence	lifecycle	26	fn
resumable-migration.mjs	8627	I	PONYTAIL_GATE_EVIDENCE	lifecycle	7	value
resumable-migration.mjs	8635	I	assertIsoTimestamp	unassigned:leaf	6	fn
resumable-migration.mjs	8657	I	assertEvidenceReference	lifecycle	25	fn
resumable-migration.mjs	8683	I	assertEvidenceEntry	lifecycle	79	fn
resumable-migration.mjs	8766	I	pinnedInputTimestamps	lifecycle	26	fn
resumable-migration.mjs	8793	I	validateGates	lifecycle	93	fn
resumable-migration.mjs	8888	I	assertBriefUnchanged	lifecycle	14	fn
resumable-migration.mjs	8923	I	FIGMA_NODE_ID	visual	1	value
resumable-migration.mjs	8924	I	FIGMA_SOURCE_KINDS	visual	6	value
resumable-migration.mjs	8930	I	figmaNodeKey	visual	2	fn
resumable-migration.mjs	8938	E	figmaMetadataAncestry	visual	19	fn
resumable-migration.mjs	8959	E	VISUAL_UNBACKED_KIND	visual	1	value
resumable-migration.mjs	8962	I	visualContractDigest	visual	13	fn
resumable-migration.mjs	8983	I	visualUnbackedCandidate	visual	25	fn
resumable-migration.mjs	9010	I	backedRowFor	visual	5	fn
resumable-migration.mjs	9021	E	pendingVisualUnbackedCandidates	decisions	39	fn
resumable-migration.mjs	9061	E	validateFigmaContext	visual	255	fn
resumable-migration.mjs	9317	I	resolveStructuredFigmaFrame	visual	69	fn
resumable-migration.mjs	9398	I	resolveFigmaFacts	visual	117	fn
resumable-migration.mjs	9528	E	validateLegacyRuntimeContext	visual	228	fn
resumable-migration.mjs	9759	I	MAX_TOLERANCE_PX	visual	1	value
resumable-migration.mjs	9760	I	MAX_TOLERANCE_RATIO	visual	1	value
resumable-migration.mjs	9763	E	PROVISIONAL_VISUAL_DIFF_THRESHOLDS	visual	4	value
resumable-migration.mjs	9768	I	assertVisualCaptureBlock	visual	32	fn
resumable-migration.mjs	9802	E	compareVisualEvidence	visual	75	fn
resumable-migration.mjs	9889	E	validateVisualAcceptance	visual	342	fn
resumable-migration.mjs	10233	E	compareVisualFact	visual	39	fn
resumable-migration.mjs	10279	I	assertVisualAcceptance	visual	66	fn
resumable-migration.mjs	10346	I	validateStep	lifecycle	89	fn
resumable-migration.mjs	10452	I	assertNoUnresolvedVerification	slices	55	fn
resumable-migration.mjs	10514	I	assertNoNavigationRepairNeeded	visual	28	fn
resumable-migration.mjs	10547	I	assertGatesCoverSliceScenarios	slices	27	fn
resumable-migration.mjs	10596	I	DRIFT_OWNERSHIP_STEPS	slices	1	value
resumable-migration.mjs	10598	I	DRIFT_CLASSES	slices	24	value
resumable-migration.mjs	10627	I	plannedTargetOwners	slices	8	fn
resumable-migration.mjs	10641	I	withinPlannedScope	slices	3	fn
resumable-migration.mjs	10651	I	canonicalClaim	slices	6	fn
resumable-migration.mjs	10659	I	claimedTargetPaths	slices	15	fn
resumable-migration.mjs	10681	I	UNDERIVABLE_OWNERSHIP_REASON	slices	2	value
resumable-migration.mjs	10684	I	classifyTargetDrift	slices	205	fn
resumable-migration.mjs	10903	E	SLICE_AMENDMENT_ROOT	slices	1	value
resumable-migration.mjs	10906	I	ENGINE_SKILL_ROOT	slices	4	value
resumable-migration.mjs	10911	I	TEST_LEVEL_SUFFIX	slices	1	value
resumable-migration.mjs	10912	I	withoutExtension	unassigned:leaf	1	fn
resumable-migration.mjs	10913	I	targetRelative	slices	2	fn
resumable-migration.mjs	10916	I	eventNamesSlice	slices	3	fn
resumable-migration.mjs	10925	I	sliceAmendmentFor	slices	239	fn
resumable-migration.mjs	11173	I	unlistedSliceFiles	slices	25	fn
resumable-migration.mjs	11204	E	pendingTargetDriftCandidates	decisions	30	fn
resumable-migration.mjs	11235	E	unclaimedTargetDrift	slices	4	fn
resumable-migration.mjs	11247	I	assertNoUnclaimedTargetDrift	slices	22	fn
resumable-migration.mjs	11281	I	assertDiscoveryUnchanged	census	54	fn
resumable-migration.mjs	11337	I	targetFeatureDirectory	census	2	fn
resumable-migration.mjs	11345	I	brownfieldTargetBlocker	census	8	fn
resumable-migration.mjs	11354	I	readContext	store	72	fn
resumable-migration.mjs	11427	E	readMigrationContext	decisions	1	value
resumable-migration.mjs	11429	E	previewMigrationExecution	lifecycle	748	fn
resumable-migration.mjs	12178	E	assertExecutionConfirmation	lifecycle	16	fn
resumable-migration.mjs	12216	I	SEQUENCE_AUTHORIZATION	decisions	1	value
resumable-migration.mjs	12218	E	brandSequenceAuthorization	decisions	2	fn
resumable-migration.mjs	12229	E	sequenceAuthorizationEvidence	decisions	10	fn
resumable-migration.mjs	12240	I	readOptionalJson	store	4	fn
resumable-migration.mjs	12245	E	inspectSliceArtifacts	slices	38	fn
resumable-migration.mjs	12284	E	reconcileSliceState	slices	98	fn
resumable-migration.mjs	12383	E	repairSliceState	slices	71	fn
resumable-migration.mjs	12455	I	removeEmptyParents	store	13	fn
resumable-migration.mjs	12475	I	assertBoundInputsUnchanged	lifecycle	34	fn
resumable-migration.mjs	12510	I	initJournalFor	lifecycle	6	fn
resumable-migration.mjs	12517	I	ownerMatches	lifecycle	4	fn
resumable-migration.mjs	12522	I	writeOwner	lifecycle	9	fn
resumable-migration.mjs	12532	I	sameFile	unassigned:leaf	9	fn
resumable-migration.mjs	12542	I	cleanupInitialization	lifecycle	13	fn
resumable-migration.mjs	12556	I	rollbackInitialization	lifecycle	27	fn
resumable-migration.mjs	12591	I	recoverInitialization	lifecycle	20	fn
resumable-migration.mjs	12612	I	commitInitialization	lifecycle	136	fn
resumable-migration.mjs	12749	E	bootstrapMigration	lifecycle	104	fn
resumable-migration.mjs	12868	I	reopenDiscoveryUnderLock	census	70	fn
resumable-migration.mjs	12951	I	reworkSliceUnderLock	slices	178	fn
resumable-migration.mjs	13136	I	amendSliceUnderLock	slices	102	fn
resumable-migration.mjs	13255	I	visualContractAdoptionPlan	lifecycle	72	fn
resumable-migration.mjs	13340	I	TOOLKIT_IDENTITY_SCRIPT	formats	1	value
resumable-migration.mjs	13342	E	toolkitAdoptCommand	formats	2	fn
resumable-migration.mjs	13354	E	assertRecordToolkitIdentity	formats	8	fn
resumable-migration.mjs	13385	E	autoAdoptToolkitIdentity	lifecycle	24	fn
resumable-migration.mjs	13411	E	renderToolkitAdoption	formats	6	fn
resumable-migration.mjs	13429	E	assertToolkitIdentityNotMismatched	formats	8	fn
resumable-migration.mjs	13452	E	changeModuleToolkitIdentity	lifecycle	92	fn
resumable-migration.mjs	13545	I	adoptVisualContractUnderLock	lifecycle	169	fn
resumable-migration.mjs	13728	I	uiObservationsAdoptionPlan	lifecycle	116	fn
resumable-migration.mjs	13845	I	combinedUiAdoptionPlan	lifecycle	16	fn
resumable-migration.mjs	13863	E	previewUiObservationsAdoption	lifecycle	10	fn
resumable-migration.mjs	13881	E	adoptUiObservations	lifecycle	280	fn
resumable-migration.mjs	14175	E	FORMAT_UPGRADERS	lifecycle	80	value
resumable-migration.mjs	14267	E	DIRECT_LEDGER_PINNED_ARTIFACTS	formats	4	value
resumable-migration.mjs	14272	E	assertDirectLedgerEligible	formats	20	fn
resumable-migration.mjs	14298	E	directLedgerAdoptionPreview	formats	9	fn
resumable-migration.mjs	14308	I	directLedgerAdoptionDigest	formats	2	fn
resumable-migration.mjs	14317	I	adoptDirectLedgerDecisions	lifecycle	85	fn
resumable-migration.mjs	14420	E	pendingFormatUpgrade	lifecycle	130	fn
resumable-migration.mjs	14564	E	commitNoOpFormatUpgrade	lifecycle	96	fn
resumable-migration.mjs	14677	E	assertNoPendingFormatUpgrade	formats	16	fn
resumable-migration.mjs	14704	E	commitFormatUpgrade	lifecycle	51	fn
resumable-migration.mjs	14758	I	reopenUiEligible	visual	4	fn
resumable-migration.mjs	14763	I	reopenUiIneligible	visual	2	fn
resumable-migration.mjs	14776	I	reopenUiNotApplicable	visual	9	fn
resumable-migration.mjs	14786	I	reopenUiUnderLock	visual	230	fn
resumable-migration.mjs	15050	I	reopenCompletePlan	lifecycle	93	fn
resumable-migration.mjs	15145	I	reopenAttemptsOf	lifecycle	4	fn
resumable-migration.mjs	15150	I	reopenCompleteUnderLock	lifecycle	203	fn
resumable-migration.mjs	15361	I	bootstrapUnderLock	lifecycle	498	fn
resumable-migration.mjs	15865	E	previewDiscoveryScan	census	24	fn
resumable-migration.mjs	15890	E	getMigrationStatus	lifecycle	182	fn
resumable-migration.mjs	16073	E	validateResumableMigration	lifecycle	57	fn
resumable-migration.mjs	16139	E	previewAdvance	lifecycle	99	fn
resumable-migration.mjs	16239	E	renderAdvancePreview	lifecycle	8	fn
resumable-migration.mjs	16269	E	CHECKPOINT_STATES	lifecycle	6	value
resumable-migration.mjs	16279	I	STOPPING_OUTCOMES	lifecycle	6	value
resumable-migration.mjs	16286	E	migrationProgress	lifecycle	119	fn
resumable-migration.mjs	16406	I	CHECKPOINT_MARKERS	lifecycle	6	value
resumable-migration.mjs	16422	E	renderProgress	lifecycle	98	fn
resumable-migration.mjs	16527	E	renderProgressBlock	lifecycle	21	fn
resumable-migration.mjs	16550	E	renderProgressChecklist	lifecycle	10	fn
resumable-migration.mjs	16567	I	previewProgress	lifecycle	6	fn
resumable-migration.mjs	16574	E	advanceMigration	lifecycle	33	fn
resumable-migration.mjs	16608	I	advanceUnderLock	lifecycle	332	fn
toolkit-identity.mjs	37	E	TOOLKIT_IDENTITY_KEYS	formats	1	value
toolkit-identity.mjs	40	E	BUILD_IDENTITY_FILE	formats	1	value
toolkit-identity.mjs	42	E	TOOLKIT_NAME	formats	1	value
toolkit-identity.mjs	48	I	SEMVER	formats	2	value
toolkit-identity.mjs	50	I	COMMIT_SHA	formats	1	value
toolkit-identity.mjs	51	I	CONTENT_HASH	formats	1	value
toolkit-identity.mjs	58	E	validateToolkitIdentity	formats	24	fn
toolkit-identity.mjs	87	E	toolkitIdentityKey	formats	6	fn
toolkit-identity.mjs	95	E	sameToolkitIdentity	formats	6	fn
toolkit-identity.mjs	102	E	digestToolkitIdentity	formats	4	fn
toolkit-identity.mjs	108	E	renderToolkitIdentity	formats	4	fn
toolkit-identity.mjs	119	I	cached	formats	1	value
toolkit-identity.mjs	120	E	activeToolkitIdentity	formats	22	fn
toolkit-identity.mjs	144	E	resetActiveToolkitIdentity	formats	3	fn
toolkit-identity.mjs	148	E	TOOLKIT_IDENTITY_EVENTS	formats	4	value
toolkit-identity.mjs	163	E	toolkitIdentityBlocker	formats	26	fn
toolkit-identity.mjs	190	I	parseToolkitVersion	formats	12	fn
toolkit-identity.mjs	209	I	isNewerToolkitVersion	formats	8	fn
toolkit-identity.mjs	240	E	autoAdoptableToolkitTransition	formats	7	fn
toolkit-identity.mjs	249	E	toolkitIdentityStatus	formats	5	fn
upgrades/upgrade-migration.mjs	51	I	contractPath	lifecycle	3	value
upgrades/upgrade-migration.mjs	55	E	TRANSACTION_STATES	lifecycle	7	value
upgrades/upgrade-migration.mjs	63	I	sha256	unassigned:leaf	1	fn
upgrades/upgrade-migration.mjs	65	I	upgradesRoot	formats	2	fn
upgrades/upgrade-migration.mjs	68	I	moduleUpgradeRoot	formats	2	fn
upgrades/upgrade-migration.mjs	71	I	lockPathFor	lifecycle	2	fn
upgrades/upgrade-migration.mjs	74	I	transactionRoot	formats	2	fn
upgrades/upgrade-migration.mjs	77	I	exists	store	9	fn
upgrades/upgrade-migration.mjs	87	I	assertNoSymlink	store	9	fn
upgrades/upgrade-migration.mjs	98	I	readTree	store	14	fn
upgrades/upgrade-migration.mjs	113	I	manifestOf	store	7	fn
upgrades/upgrade-migration.mjs	121	I	writeTree	store	7	fn
upgrades/upgrade-migration.mjs	129	I	sameManifest	store	2	fn
upgrades/upgrade-migration.mjs	132	I	readJournal	lifecycle	1	fn
upgrades/upgrade-migration.mjs	136	I	writeJournal	lifecycle	1	value
upgrades/upgrade-migration.mjs	145	E	recoverTransaction	lifecycle	73	fn
upgrades/upgrade-migration.mjs	219	I	classify	formats	10	fn
upgrades/upgrade-migration.mjs	230	I	resolveContext	lifecycle	25	fn
upgrades/upgrade-migration.mjs	257	E	previewUpgrade	lifecycle	158	fn
upgrades/upgrade-migration.mjs	416	I	confirmationIdFor	formats	16	fn
upgrades/upgrade-migration.mjs	433	E	renderUpgradePreview	formats	15	fn
upgrades/upgrade-migration.mjs	453	I	commitReplacement	store	35	fn
upgrades/upgrade-migration.mjs	497	I	acquireLock	lifecycle	2	fn
upgrades/upgrade-migration.mjs	505	E	executeUpgrade	lifecycle	141	fn
upgrades/upgrade-migration.mjs	648	I	restorableUpgrade	lifecycle	21	fn
upgrades/upgrade-migration.mjs	671	E	previewRollback	lifecycle	83	fn
upgrades/upgrade-migration.mjs	755	E	renderRollbackPreview	formats	10	fn
upgrades/upgrade-migration.mjs	766	E	executeRollback	lifecycle	96	fn
upgrades/upgrade-migration.mjs	863	E	recoverUpgrade	lifecycle	26	fn
upgrades/upgrade-migration.mjs	890	E	parseUpgradeArguments	transport	37	fn
upgrades/upgrade-migration.mjs	928	E	runUpgradeCli	transport	66	fn
upgrades/upgrade-v4-to-v5.mjs	20	E	V5_CONTRACT_VERSION	formats	1	value
upgrades/upgrade-v4-to-v5.mjs	21	E	V5_FORMAT_VERSION	formats	1	value
upgrades/upgrade-v4-to-v5.mjs	22	E	V5_WORKFLOW_VERSION	formats	1	value
upgrades/upgrade-v4-to-v5.mjs	24	E	SOURCE_CONTRACT_VERSION	formats	1	value
upgrades/upgrade-v4-to-v5.mjs	25	E	SOURCE_FORMAT_VERSION	formats	1	value
upgrades/upgrade-v4-to-v5.mjs	29	E	V5_STEPS	formats	10	value
upgrades/upgrade-v4-to-v5.mjs	40	I	STEP_FILES	formats	10	value
upgrades/upgrade-v4-to-v5.mjs	52	I	IMMUTABLE_STEP_ARTIFACTS	formats	10	value
upgrades/upgrade-v4-to-v5.mjs	64	I	TRACE_MATRICES	formats	6	value
upgrades/upgrade-v4-to-v5.mjs	71	I	STATE_FILE	formats	1	value
upgrades/upgrade-v4-to-v5.mjs	72	I	GATES_FILE	formats	1	value
upgrades/upgrade-v4-to-v5.mjs	73	I	HISTORY_FILE	formats	1	value
upgrades/upgrade-v4-to-v5.mjs	74	I	SLICE_INDEX_FILE	formats	1	value
upgrades/upgrade-v4-to-v5.mjs	75	I	BRIEF_FILE	formats	1	value
upgrades/upgrade-v4-to-v5.mjs	79	I	INTEGRITY_FILE	formats	1	value
upgrades/upgrade-v4-to-v5.mjs	81	I	sha256	unassigned:leaf	2	fn
upgrades/upgrade-v4-to-v5.mjs	84	I	renderJson	formats	1	fn
upgrades/upgrade-v4-to-v5.mjs	86	I	digestArtifactHashes	formats	10	fn
upgrades/upgrade-v4-to-v5.mjs	97	I	isPlainObject	unassigned:leaf	2	fn
upgrades/upgrade-v4-to-v5.mjs	100	I	Blocked	formats	1	class
upgrades/upgrade-v4-to-v5.mjs	102	I	block	formats	3	fn
upgrades/upgrade-v4-to-v5.mjs	106	I	parseJson	formats	10	fn
upgrades/upgrade-v4-to-v5.mjs	118	I	setMetadataLine	formats	6	fn
upgrades/upgrade-v4-to-v5.mjs	125	I	validateSource	formats	69	fn
upgrades/upgrade-v4-to-v5.mjs	195	I	traceOwners	formats	15	fn
upgrades/upgrade-v4-to-v5.mjs	215	I	splitTraceIds	formats	37	fn
upgrades/upgrade-v4-to-v5.mjs	254	I	withTraceFields	formats	21	fn
upgrades/upgrade-v4-to-v5.mjs	276	I	ponytailGapFor	formats	27	fn
upgrades/upgrade-v4-to-v5.mjs	304	I	nextActionFor	formats	8	fn
upgrades/upgrade-v4-to-v5.mjs	313	E	validateV5State	formats	68	fn
upgrades/upgrade-v4-to-v5.mjs	392	E	upgradeV4ToV5	formats	221	fn
visual-evidence.mjs	25	I	require	visual	1	value
visual-evidence.mjs	27	E	decodePng	visual	8	fn
visual-evidence.mjs	38	E	resampleTo	visual	36	fn
visual-evidence.mjs	75	E	perceptualDelta	visual	21	fn
visual-evidence.mjs	97	E	structuralDelta	visual	24	fn
visual-evidence.mjs	123	E	HARDENED_VISUAL_VERSION	visual	1	value
visual-evidence.mjs	133	E	FIXED_VISUAL_TOLERANCE	visual	1	value
visual-evidence.mjs	150	E	REQUIRED_FACTS	visual	19	value
visual-evidence.mjs	171	E	REQUIRED_FACT_KINDS	visual	3	value
visual-evidence.mjs	176	E	REQUIRED_FACT_NAMES	visual	3	value
visual-evidence.mjs	185	E	missingRequiredGroups	visual	6	fn
visual-evidence.mjs	194	I	VisualValueError	visual	1	class
visual-evidence.mjs	196	I	refuse	visual	5	fn
visual-evidence.mjs	202	I	COLOR_FACTS	visual	1	value
visual-evidence.mjs	203	I	LENGTH_FACTS	visual	17	value
visual-evidence.mjs	221	E	GEOMETRY_FACTS	visual	1	value
visual-evidence.mjs	223	I	FONT_WEIGHTS	visual	1	value
visual-evidence.mjs	224	I	hex2	visual	1	fn
visual-evidence.mjs	226	I	normalizeColor	visual	33	fn
visual-evidence.mjs	260	I	normalizeLength	visual	17	fn
visual-evidence.mjs	280	I	STROKE_SIDES	visual	1	value
visual-evidence.mjs	281	I	STROKE_FIELDS	visual	1	value
visual-evidence.mjs	282	I	SHADOW_FIELDS	visual	1	value
visual-evidence.mjs	285	I	strokeRecord	visual	6	fn
visual-evidence.mjs	292	I	shadowRecord	visual	2	fn
visual-evidence.mjs	300	I	collapseWidths	visual	6	fn
visual-evidence.mjs	307	I	strokeLength	visual	4	fn
visual-evidence.mjs	312	I	strokeStyle	visual	6	fn
visual-evidence.mjs	320	I	strokeRecordFrom	visual	18	fn
visual-evidence.mjs	345	E	strokeFromComputedStyle	visual	43	fn
visual-evidence.mjs	390	I	splitTopLevel	visual	16	fn
visual-evidence.mjs	408	I	parseBoxShadow	visual	20	fn
visual-evidence.mjs	429	I	shadowComponentFrom	visual	14	fn
visual-evidence.mjs	450	E	normalizeVisualValue	visual	89	fn
visual-evidence.mjs	542	I	XML_ENTITIES	visual	1	value
visual-evidence.mjs	545	E	xmlAttribute	visual	5	fn
visual-evidence.mjs	551	I	escapeRegExp	visual	1	fn
visual-evidence.mjs	554	E	FIGMA_PROVENANCE_KINDS	visual	5	value
visual-evidence.mjs	560	I	dangling	visual	3	fn
visual-evidence.mjs	569	E	resolveMetadataFact	visual	11	fn
visual-evidence.mjs	591	E	resolveMetadataAssets	visual	23	fn
visual-evidence.mjs	620	E	resolveVariableDefsFact	visual	17	fn
visual-evidence.mjs	648	E	resolveDesignContextFact	visual	27	fn
visual-evidence.mjs	686	E	assertProvenancePrecedence	visual	22	fn
visual-evidence.mjs	715	E	variableValueSet	visual	26	fn
visual-evidence.mjs	744	I	sha256	unassigned:leaf	1	fn
visual-evidence.mjs	747	E	structuredDigest	visual	6	fn
visual-evidence.mjs	754	I	readStructuredNode	visual	21	fn
visual-evidence.mjs	776	I	freezeEvidence	visual	8	fn
visual-evidence.mjs	786	E	captureStructuredNode	visual	28	fn
visual-evidence.mjs	816	E	structuredEvidenceDigest	visual	11	fn
visual-evidence.mjs	829	I	rgbaHex	visual	10	fn
visual-evidence.mjs	840	I	paintColor	visual	5	fn
visual-evidence.mjs	846	I	figmaFill	visual	13	fn
visual-evidence.mjs	865	E	figmaStroke	visual	30	fn
visual-evidence.mjs	901	E	figmaShadows	visual	16	fn
visual-evidence.mjs	919	E	extractStructuredFacts	visual	83	fn
visual-evidence.mjs	1003	I	CONTAINER_TEXT_TYPES	visual	1	value
visual-evidence.mjs	1006	E	structuredAssetIdentity	visual	21	fn
visual-evidence.mjs	1028	E	STRUCTURED_PROVENANCE_RANKS	visual	4	value
visual-evidence.mjs	1033	I	METADATA_PROPERTIES	visual	1	value
visual-evidence.mjs	1034	I	LITERAL_PREFIXES	visual	9	value
visual-evidence.mjs	1045	E	extractNodeLiterals	visual	19	fn
visual-evidence.mjs	1065	I	isCitedLiteral	visual	11	fn
visual-evidence.mjs	1078	E	resolveVisualProvenance	visual	40	fn
visual-evidence.mjs	1119	I	STRUCTURAL_PROPERTIES	visual	1	value
visual-evidence.mjs	1122	E	deriveStructuredAuthority	visual	86	fn
visual-evidence.mjs	1210	E	validateStructuredContract	visual	41	fn
visual-evidence.mjs	1258	I	flattenStroke	visual	4	fn
visual-evidence.mjs	1263	I	compareStrokeFact	visual	20	fn
visual-evidence.mjs	1284	E	compareStructuredTarget	visual	20	fn
visual-evidence.mjs	1305	I	STRUCTURED_REQUIRED	visual	10	value
visual-evidence.mjs	1316	E	structuredCapabilityProfile	visual	23	fn
visual-evidence.mjs	1340	E	assertStructuredCaptureScale	visual	16	fn
