artifact/artifact-migration.mjs	finishTransaction	lifecycle	atomicWrite	3
artifact/artifact-migration.mjs	writeTransaction	store	atomicWrite	1
artifact/artifact-migration.mjs	createArtifactRecord	lifecycle	writeTransaction	1
artifact/artifact-migration.mjs	upgradeArtifactFormat	lifecycle	writeTransaction	1
artifact/artifact-migration.mjs	runArtifactIteration	lifecycle	writeTransaction	1
artifact/artifact-migration.mjs	changeArtifactToolkitIdentity	lifecycle	writeTransaction	1
cli/update-migration-registry.mjs	runRegistryCli	transport	updateRegistry	1
migration-utils.mjs	persistProjectRegistryBinding	store	atomicWrite	1
migration-utils.mjs	recoverRegistryJournal	store	atomicWrite	2
migration-utils.mjs	updateRegistry	store	writeJournalAtomic	1
migration-utils.mjs	updateRegistry	store	atomicWrite	1
migration-utils.mjs	updateRegistry	store	persistProjectRegistryBinding	1
operator-signer-service.mjs	runSignerService	decisions	writeOperatorOnly	1
record-decision.mjs	completeAttestedDecision	decisions	appendDurably	1
resumable-migration.mjs	appendHistoryOnce	store	sealHistoryTail	1
resumable-migration.mjs	appendHistoryOnce	store	appendHistory	1
resumable-migration.mjs	recoverPendingAdvance	lifecycle	atomicWrite	3
resumable-migration.mjs	recoverPendingAdvance	lifecycle	appendHistoryOnce	1
resumable-migration.mjs	repairSliceState	slices	writeJournalAtomic	1
resumable-migration.mjs	repairSliceState	slices	atomicWrite	2
resumable-migration.mjs	repairSliceState	slices	appendHistoryOnce	1
resumable-migration.mjs	rollbackInitialization	lifecycle	atomicWrite	1
resumable-migration.mjs	commitInitialization	lifecycle	writeJournalAtomic	1
resumable-migration.mjs	commitInitialization	lifecycle	atomicWrite	3
resumable-migration.mjs	commitInitialization	lifecycle	writeOwner	1
resumable-migration.mjs	reopenDiscoveryUnderLock	census	writeJournalAtomic	1
resumable-migration.mjs	reopenDiscoveryUnderLock	census	atomicWrite	2
resumable-migration.mjs	reopenDiscoveryUnderLock	census	appendHistoryOnce	1
resumable-migration.mjs	reworkSliceUnderLock	slices	writeJournalAtomic	1
resumable-migration.mjs	reworkSliceUnderLock	slices	atomicWrite	3
resumable-migration.mjs	reworkSliceUnderLock	slices	appendHistoryOnce	1
resumable-migration.mjs	amendSliceUnderLock	slices	writeJournalAtomic	1
resumable-migration.mjs	amendSliceUnderLock	slices	atomicWrite	4
resumable-migration.mjs	amendSliceUnderLock	slices	appendHistoryOnce	1
resumable-migration.mjs	changeModuleToolkitIdentity	lifecycle	writeJournalAtomic	1
resumable-migration.mjs	changeModuleToolkitIdentity	lifecycle	atomicWrite	2
resumable-migration.mjs	changeModuleToolkitIdentity	lifecycle	appendHistoryOnce	1
resumable-migration.mjs	adoptVisualContractUnderLock	lifecycle	writeJournalAtomic	1
resumable-migration.mjs	adoptVisualContractUnderLock	lifecycle	atomicWrite	3
resumable-migration.mjs	adoptVisualContractUnderLock	lifecycle	appendHistoryOnce	1
resumable-migration.mjs	adoptUiObservations	lifecycle	writeJournalAtomic	1
resumable-migration.mjs	adoptUiObservations	lifecycle	atomicWrite	4
resumable-migration.mjs	adoptUiObservations	lifecycle	appendHistoryOnce	1
resumable-migration.mjs	adoptDirectLedgerDecisions	lifecycle	writeJournalAtomic	1
resumable-migration.mjs	adoptDirectLedgerDecisions	lifecycle	atomicWrite	2
resumable-migration.mjs	adoptDirectLedgerDecisions	lifecycle	appendHistoryOnce	1
resumable-migration.mjs	commitNoOpFormatUpgrade	lifecycle	writeJournalAtomic	1
resumable-migration.mjs	commitNoOpFormatUpgrade	lifecycle	atomicWrite	2
resumable-migration.mjs	commitNoOpFormatUpgrade	lifecycle	appendHistoryOnce	1
resumable-migration.mjs	reopenUiUnderLock	visual	writeJournalAtomic	1
resumable-migration.mjs	reopenUiUnderLock	visual	atomicWrite	4
resumable-migration.mjs	reopenUiUnderLock	visual	appendHistoryOnce	1
resumable-migration.mjs	reopenCompleteUnderLock	lifecycle	writeJournalAtomic	1
resumable-migration.mjs	reopenCompleteUnderLock	lifecycle	atomicWrite	4
resumable-migration.mjs	reopenCompleteUnderLock	lifecycle	appendHistoryOnce	1
resumable-migration.mjs	bootstrapUnderLock	lifecycle	persistProjectRegistryBinding	1
resumable-migration.mjs	bootstrapUnderLock	lifecycle	writeJournalAtomic	1
resumable-migration.mjs	bootstrapUnderLock	lifecycle	atomicWrite	3
resumable-migration.mjs	bootstrapUnderLock	lifecycle	appendHistoryOnce	1
resumable-migration.mjs	advanceUnderLock	lifecycle	atomicWrite	5
resumable-migration.mjs	advanceUnderLock	lifecycle	writeJournalAtomic	1
resumable-migration.mjs	advanceUnderLock	lifecycle	appendHistoryOnce	1
upgrades/upgrade-migration.mjs	writeJournal	lifecycle	writeJournalAtomic	1
upgrades/upgrade-migration.mjs	executeUpgrade	lifecycle	writeTree	1
upgrades/upgrade-migration.mjs	executeUpgrade	lifecycle	commitReplacement	1
upgrades/upgrade-migration.mjs	executeRollback	lifecycle	commitReplacement	1
