artifact/artifact-migration.mjs	2335	finishTransaction	rm
artifact/artifact-migration.mjs	2398	buildAdvanceTransaction	mkdir
artifact/artifact-migration.mjs	2482	createArtifactRecord	mkdir
migration-utils.mjs	248	atomicWrite	mkdir
migration-utils.mjs	257	atomicWrite	open
migration-utils.mjs	258	atomicWrite	handle.writeFile
migration-utils.mjs	262	atomicWrite	rename
migration-utils.mjs	265	atomicWrite	unlink
migration-utils.mjs	1266	recoverRegistryJournal	unlink
migration-utils.mjs	1337	updateRegistry	unlink
module-lock.mjs	75	reclaimStale	rename
module-lock.mjs	81	reclaimStale	rm
module-lock.mjs	98	acquireModuleLock	mkdir
module-lock.mjs	119	acquireModuleLock	open
module-lock.mjs	142	acquireModuleLock	handle.writeFile
module-lock.mjs	152	acquireModuleLock	unlink
module-lock.mjs	173	writeJournalAtomic	mkdir
module-lock.mjs	175	writeJournalAtomic	open
module-lock.mjs	177	writeJournalAtomic	handle.writeFile
module-lock.mjs	182	writeJournalAtomic	rename
operator-signer-service.mjs	35	writeOperatorOnly	open
operator-signer-service.mjs	36	writeOperatorOnly	handle.writeFile
operator-signer.mjs	74	openSignerStore	open
record-decision.mjs	1062	appendDecisions	mkdir
record-decision.mjs	1063	appendDecisions	appendFile
record-decision.mjs	1390	appendDurably	mkdir
record-decision.mjs	1391	appendDurably	open
record-decision.mjs	1394	appendDurably	handle.write
record-decision.mjs	1396	appendDurably	handle.write
resumable-migration.mjs	3383	appendHistory	mkdir
resumable-migration.mjs	3384	appendHistory	appendFile
resumable-migration.mjs	3400	assertHistoryAppendable	mkdir
resumable-migration.mjs	3401	assertHistoryAppendable	open
resumable-migration.mjs	3443	sealHistoryTail	open
resumable-migration.mjs	3445	sealHistoryTail	handle.write
resumable-migration.mjs	3446	sealHistoryTail	handle.truncate
resumable-migration.mjs	3540	recoverPendingAdvance	rm
resumable-migration.mjs	3549	recoverPendingAdvance	rm
resumable-migration.mjs	3560	recoverPendingAdvance	rm
resumable-migration.mjs	3566	recoverPendingAdvance	rm
resumable-migration.mjs	12451	repairSliceState	rm
resumable-migration.mjs	12460	removeEmptyParents	rmdir
resumable-migration.mjs	12523	writeOwner	open
resumable-migration.mjs	12525	writeOwner	handle.writeFile
resumable-migration.mjs	12548	cleanupInitialization	rm
resumable-migration.mjs	12551	cleanupInitialization	rm
resumable-migration.mjs	12553	cleanupInitialization	rm
resumable-migration.mjs	12570	rollbackInitialization	rm
resumable-migration.mjs	12577	rollbackInitialization	rm
resumable-migration.mjs	12719	commitInitialization	link
resumable-migration.mjs	12727	commitInitialization	rename
resumable-migration.mjs	12731	commitInitialization	mkdir
resumable-migration.mjs	12738	commitInitialization	rename
resumable-migration.mjs	12740	commitInitialization	rm
resumable-migration.mjs	12927	reopenDiscoveryUnderLock	rm
resumable-migration.mjs	13118	reworkSliceUnderLock	rm
resumable-migration.mjs	13227	amendSliceUnderLock	rm
resumable-migration.mjs	13532	changeModuleToolkitIdentity	rm
resumable-migration.mjs	13699	adoptVisualContractUnderLock	rm
resumable-migration.mjs	13703	adoptVisualContractUnderLock	rm
resumable-migration.mjs	14143	adoptUiObservations	rm
resumable-migration.mjs	14144	adoptUiObservations	rm
resumable-migration.mjs	14148	adoptUiObservations	rm
resumable-migration.mjs	14389	adoptDirectLedgerDecisions	rm
resumable-migration.mjs	14647	commitNoOpFormatUpgrade	rm
resumable-migration.mjs	15003	reopenUiUnderLock	rm
resumable-migration.mjs	15342	reopenCompleteUnderLock	rm
resumable-migration.mjs	15661	bootstrapUnderLock	rm
resumable-migration.mjs	16929	advanceUnderLock	rm
upgrades/upgrade-migration.mjs	124	writeTree	mkdir
upgrades/upgrade-migration.mjs	125	writeTree	writeFile
upgrades/upgrade-migration.mjs	176	recoverTransaction	rm
upgrades/upgrade-migration.mjs	177	recoverTransaction	rm
upgrades/upgrade-migration.mjs	181	recoverTransaction	rm
upgrades/upgrade-migration.mjs	182	recoverTransaction	rm
upgrades/upgrade-migration.mjs	192	recoverTransaction	mkdir
upgrades/upgrade-migration.mjs	193	recoverTransaction	rename
upgrades/upgrade-migration.mjs	194	recoverTransaction	rm
upgrades/upgrade-migration.mjs	202	recoverTransaction	mkdir
upgrades/upgrade-migration.mjs	203	recoverTransaction	cp
upgrades/upgrade-migration.mjs	204	recoverTransaction	rm
upgrades/upgrade-migration.mjs	205	recoverTransaction	rm
upgrades/upgrade-migration.mjs	210	recoverTransaction	rm
upgrades/upgrade-migration.mjs	211	recoverTransaction	rm
upgrades/upgrade-migration.mjs	470	commitReplacement	rename
upgrades/upgrade-migration.mjs	473	commitReplacement	rename
upgrades/upgrade-migration.mjs	486	commitReplacement	rm
upgrades/upgrade-migration.mjs	577	executeUpgrade	mkdir
upgrades/upgrade-migration.mjs	578	executeUpgrade	cp
upgrades/upgrade-migration.mjs	588	executeUpgrade	writeFile
upgrades/upgrade-migration.mjs	598	executeUpgrade	writeFile
upgrades/upgrade-migration.mjs	797	executeRollback	mkdir
upgrades/upgrade-migration.mjs	799	executeRollback	cp
upgrades/upgrade-migration.mjs	819	executeRollback	writeFile
upgrades/upgrade-migration.mjs	824	executeRollback	cp
upgrades/upgrade-migration.mjs	826	executeRollback	writeFile
