artifact/artifact-migration.mjs	2335	finishTransaction	rm	lifecycle
artifact/artifact-migration.mjs	2398	buildAdvanceTransaction	mkdir	lifecycle
artifact/artifact-migration.mjs	2482	createArtifactRecord	mkdir	lifecycle
migration-utils.mjs	248	atomicWrite	mkdir	store
migration-utils.mjs	257	atomicWrite	open	store
migration-utils.mjs	258	atomicWrite	handle.writeFile	store
migration-utils.mjs	262	atomicWrite	rename	store
migration-utils.mjs	265	atomicWrite	unlink	store
migration-utils.mjs	1266	recoverRegistryJournal	unlink	store
migration-utils.mjs	1337	updateRegistry	unlink	store
module-lock.mjs	75	reclaimStale	rename	lifecycle
module-lock.mjs	81	reclaimStale	rm	lifecycle
module-lock.mjs	98	acquireModuleLock	mkdir	lifecycle
module-lock.mjs	119	acquireModuleLock	open	lifecycle
module-lock.mjs	142	acquireModuleLock	handle.writeFile	lifecycle
module-lock.mjs	152	acquireModuleLock	unlink	lifecycle
module-lock.mjs	173	writeJournalAtomic	mkdir	lifecycle
module-lock.mjs	175	writeJournalAtomic	open	lifecycle
module-lock.mjs	177	writeJournalAtomic	handle.writeFile	lifecycle
module-lock.mjs	182	writeJournalAtomic	rename	lifecycle
operator-signer-service.mjs	36	writeOperatorOnly	handle.writeFile	decisions
record-decision.mjs	1062	appendDecisions	mkdir	decisions
record-decision.mjs	1063	appendDecisions	appendFile	decisions
record-decision.mjs	1390	appendDurably	mkdir	store
resumable-migration.mjs	3383	appendHistory	mkdir	store
resumable-migration.mjs	3384	appendHistory	appendFile	store
resumable-migration.mjs	3400	assertHistoryAppendable	mkdir	store
resumable-migration.mjs	3401	assertHistoryAppendable	open	store
resumable-migration.mjs	3443	sealHistoryTail	open	store
resumable-migration.mjs	3446	sealHistoryTail	handle.truncate	store
resumable-migration.mjs	3540	recoverPendingAdvance	rm	lifecycle
resumable-migration.mjs	3549	recoverPendingAdvance	rm	lifecycle
resumable-migration.mjs	3560	recoverPendingAdvance	rm	lifecycle
resumable-migration.mjs	3566	recoverPendingAdvance	rm	lifecycle
resumable-migration.mjs	12451	repairSliceState	rm	slices
resumable-migration.mjs	12460	removeEmptyParents	rmdir	store
resumable-migration.mjs	12523	writeOwner	open	lifecycle
resumable-migration.mjs	12525	writeOwner	handle.writeFile	lifecycle
resumable-migration.mjs	12548	cleanupInitialization	rm	lifecycle
resumable-migration.mjs	12551	cleanupInitialization	rm	lifecycle
resumable-migration.mjs	12553	cleanupInitialization	rm	lifecycle
resumable-migration.mjs	12570	rollbackInitialization	rm	lifecycle
resumable-migration.mjs	12577	rollbackInitialization	rm	lifecycle
resumable-migration.mjs	12719	commitInitialization	link	lifecycle
resumable-migration.mjs	12727	commitInitialization	rename	lifecycle
resumable-migration.mjs	12731	commitInitialization	mkdir	lifecycle
resumable-migration.mjs	12738	commitInitialization	rename	lifecycle
resumable-migration.mjs	12740	commitInitialization	rm	lifecycle
resumable-migration.mjs	12927	reopenDiscoveryUnderLock	rm	census
resumable-migration.mjs	13118	reworkSliceUnderLock	rm	slices
resumable-migration.mjs	13227	amendSliceUnderLock	rm	slices
resumable-migration.mjs	13532	changeModuleToolkitIdentity	rm	lifecycle
resumable-migration.mjs	13699	adoptVisualContractUnderLock	rm	lifecycle
resumable-migration.mjs	13703	adoptVisualContractUnderLock	rm	lifecycle
resumable-migration.mjs	14143	adoptUiObservations	rm	lifecycle
resumable-migration.mjs	14144	adoptUiObservations	rm	lifecycle
resumable-migration.mjs	14148	adoptUiObservations	rm	lifecycle
resumable-migration.mjs	14389	adoptDirectLedgerDecisions	rm	lifecycle
resumable-migration.mjs	14647	commitNoOpFormatUpgrade	rm	lifecycle
resumable-migration.mjs	15003	reopenUiUnderLock	rm	visual
resumable-migration.mjs	15342	reopenCompleteUnderLock	rm	lifecycle
resumable-migration.mjs	15661	bootstrapUnderLock	rm	lifecycle
resumable-migration.mjs	16929	advanceUnderLock	rm	lifecycle
upgrades/upgrade-migration.mjs	124	writeTree	mkdir	store
upgrades/upgrade-migration.mjs	125	writeTree	writeFile	store
upgrades/upgrade-migration.mjs	176	recoverTransaction	rm	lifecycle
upgrades/upgrade-migration.mjs	177	recoverTransaction	rm	lifecycle
upgrades/upgrade-migration.mjs	181	recoverTransaction	rm	lifecycle
upgrades/upgrade-migration.mjs	182	recoverTransaction	rm	lifecycle
upgrades/upgrade-migration.mjs	192	recoverTransaction	mkdir	lifecycle
upgrades/upgrade-migration.mjs	193	recoverTransaction	rename	lifecycle
upgrades/upgrade-migration.mjs	194	recoverTransaction	rm	lifecycle
upgrades/upgrade-migration.mjs	202	recoverTransaction	mkdir	lifecycle
upgrades/upgrade-migration.mjs	203	recoverTransaction	cp	lifecycle
upgrades/upgrade-migration.mjs	204	recoverTransaction	rm	lifecycle
upgrades/upgrade-migration.mjs	205	recoverTransaction	rm	lifecycle
upgrades/upgrade-migration.mjs	210	recoverTransaction	rm	lifecycle
upgrades/upgrade-migration.mjs	211	recoverTransaction	rm	lifecycle
upgrades/upgrade-migration.mjs	470	commitReplacement	rename	store
upgrades/upgrade-migration.mjs	473	commitReplacement	rename	store
upgrades/upgrade-migration.mjs	486	commitReplacement	rm	store
upgrades/upgrade-migration.mjs	577	executeUpgrade	mkdir	lifecycle
upgrades/upgrade-migration.mjs	578	executeUpgrade	cp	lifecycle
upgrades/upgrade-migration.mjs	588	executeUpgrade	writeFile	lifecycle
upgrades/upgrade-migration.mjs	598	executeUpgrade	writeFile	lifecycle
upgrades/upgrade-migration.mjs	797	executeRollback	mkdir	lifecycle
upgrades/upgrade-migration.mjs	799	executeRollback	cp	lifecycle
upgrades/upgrade-migration.mjs	819	executeRollback	writeFile	lifecycle
upgrades/upgrade-migration.mjs	824	executeRollback	cp	lifecycle
upgrades/upgrade-migration.mjs	826	executeRollback	writeFile	lifecycle
